material,cfg_file_original,cfg_file_mapped,cfg_path_original,cfg_path_mapped,T_cfg,Tmin_logtau,Tmax_logtau,logtau,logtau_source,relax_file,mapped_file_exists,atom_cache_path
Zr46Cu46Al8,dumpZrCuAl.cooldown_638.cfg,Zr46Cu46Al8_638.0K.cfg,C:\Users\Admin\Downloads\cfg data\cfg_files_Zr46Cu46Al8\dumpZrCuAl.cooldown_638.cfg,C:\Users\Admin\Downloads\cfg data\mapped_cfg_and_metadata\mapped_cfg_Zr46Cu46Al8\Zr46Cu46Al8_638.0K.cfg,638.0,635.36667,1002.03333,15.722425655768692,interpolated,C:\Users\Admin\Downloads\cfg data\relaxation_time_zr46cu46al8_Tg_716.2K.csv,True,C:\Users\Admin\Downloads\cfg data\nn_output\atom_cache\sample_0000.npy
Zr46Cu46Al8,dumpZrCuAl.cooldown_661.cfg,Zr46Cu46Al8_661.0K.cfg,C:\Users\Admin\Downloads\cfg data\cfg_files_Zr46Cu46Al8\dumpZrCuAl.cooldown_661.cfg,C:\Users\Admin\Downloads\cfg data\mapped_cfg_and_metadata\mapped_cfg_Zr46Cu46Al8\Zr46Cu46Al8_661.0K.cfg,661.0,635.36667,1002.03333,10.618193962475848,interpolated,C:\Users\Admin\Downloads\cfg data\relaxation_time_zr46cu46al8_Tg_716.2K.csv,True,C:\Users\Admin\Downloads\cfg data\nn_output\atom_cache\sample_0001.npy
Zr46Cu46Al8,dumpZrCuAl.cooldown_673.cfg,Zr46Cu46Al8_673.0K.cfg,C:\Users\Admin\Downloads\cfg data\cfg_files_Zr46Cu46Al8\dumpZrCuAl.cooldown_673.cfg,C:\Users\Admin\Downloads\cfg data\mapped_cfg_and_metadata\mapped_cfg_Zr46Cu46Al8\Zr46Cu46Al8_673.0K.cfg,673.0,635.36667,1002.03333,8.450109347681307,interpolated,C:\Users\Admin\Downloads\cfg data\relaxation_time_zr46cu46al8_Tg_716.2K.csv,True,C:\Users\Admin\Downloads\cfg data\nn_output\atom_cache\sample_0002.npy
Zr46Cu46Al8,dumpZrCuAl.cooldown_678.cfg,Zr46Cu46Al8_678.0K.cfg,C:\Users\Admin\Downloads\cfg data\cfg_files_Zr46Cu46Al8\dumpZrCuAl.cooldown_678.cfg,C:\Users\Admin\Downloads\cfg data\mapped_cfg_and_metadata\mapped_cfg_Zr46Cu46Al8\Zr46Cu46Al8_678.0K.cfg,678.0,635.36667,1002.03333,7.564628756022491,interpolated,C:\Users\Admin\Downloads\cfg data\relaxation_time_zr46cu46al8_Tg_716.2K.csv,True,C:\Users\Admin\Downloads\cfg data\nn_output\atom_cache\sample_0003.npy
Zr46Cu46Al8,dumpZrCuAl.cooldown_680.cfg,Zr46Cu46Al8_680.0K.cfg,C:\Users\Admin\Downloads\cfg data\cfg_files_Zr46Cu46Al8\dumpZrCuAl.cooldown_680.cfg,C:\Users\Admin\Downloads\cfg data\mapped_cfg_and_metadata\mapped_cfg_Zr46Cu46Al8\Zr46Cu46Al8_680.0K.cfg,680.0,635.36667,1002.03333,7.218741447797106,interpolated,C:\Users\Admin\Downloads\cfg data\relaxation_time_zr46cu46al8_Tg_716.2K.csv,True,C:\Users\Admin\Downloads\cfg data\nn_output\atom_cache\sample_0004.npy
Zr46Cu46Al8,dumpZrCuAl.cooldown_682.cfg,Zr46Cu46Al8_682.0K.cfg,C:\Users\Admin\Downloads\cfg data\cfg_files_Zr46Cu46Al8\dumpZrCuAl.cooldown_682.cfg,C:\Users\Admin\Downloads\cfg data\mapped_cfg_and_metadata\mapped_cfg_Zr46Cu46Al8\Zr46Cu46Al8_682.0K.cfg,682.0,635.36667,1002.03333,6.877739855639419,interpolated,C:\Users\Admin\Downloads\cfg data\relaxation_time_zr46cu46al8_Tg_716.2K.csv,True,C:\Users\Admin\Downloads\cfg data\nn_output\atom_cache\sample_0005.npy
Zr46Cu46Al8,dumpZrCuAl.cooldown_707.cfg,Zr46Cu46Al8_707.0K.cfg,C:\Users\Admin\Downloads\cfg data\cfg_files_Zr46Cu46Al8\dumpZrCuAl.cooldown_707.cfg,C:\Users\Admin\Downloads\cfg data\mapped_cfg_and_metadata\mapped_cfg_Zr46Cu46Al8\Zr46Cu46Al8_707.0K.cfg,707.0,635.36667,1002.03333,3.164955372241486,interpolated,C:\Users\Admin\Downloads\cfg data\relaxation_time_zr46cu46al8_Tg_716.2K.csv,True,C:\Users\Admin\Downloads\cfg data\nn_output\atom_cache\sample_0006.npy
Zr46Cu46Al8,dumpZrCuAl.cooldown_727.cfg,Zr46Cu46Al8_727.0K.cfg,C:\Users\Admin\Downloads\cfg data\cfg_files_Zr46Cu46Al8\dumpZrCuAl.cooldown_727.cfg,C:\Users\Admin\Downloads\cfg data\mapped_cfg_and_metadata\mapped_cfg_Zr46Cu46Al8\Zr46Cu46Al8_727.0K.cfg,727.0,635.36667,1002.03333,0.7255564383857511,interpolated,C:\Users\Admin\Downloads\cfg data\relaxation_time_zr46cu46al8_Tg_716.2K.csv,True,C:\Users\Admin\Downloads\cfg data\nn_output\atom_cache\sample_0007.npy
Zr46Cu46Al8,dumpZrCuAl.cooldown_728.cfg,Zr46Cu46Al8_728.0K.cfg,C:\Users\Admin\Downloads\cfg data\cfg_files_Zr46Cu46Al8\dumpZrCuAl.cooldown_728.cfg,C:\Users\Admin\Downloads\cfg data\mapped_cfg_and_metadata\mapped_cfg_Zr46Cu46Al8\Zr46Cu46Al8_728.0K.cfg,728.0,635.36667,1002.03333,0.6140432439535141,interpolated,C:\Users\Admin\Downloads\cfg data\relaxation_time_zr46cu46al8_Tg_716.2K.csv,True,C:\Users\Admin\Downloads\cfg data\nn_output\atom_cache\sample_0008.npy
Zr46Cu46Al8,dumpZrCuAl.cooldown_741.cfg,Zr46Cu46Al8_741.0K.cfg,C:\Users\Admin\Downloads\cfg data\cfg_files_Zr46Cu46Al8\dumpZrCuAl.cooldown_741.cfg,C:\Users\Admin\Downloads\cfg data\mapped_cfg_and_metadata\mapped_cfg_Zr46Cu46Al8\Zr46Cu46Al8_741.0K.cfg,741.0,635.36667,1002.03333,-0.7580361200844812,interpolated,C:\Users\Admin\Downloads\cfg data\relaxation_time_zr46cu46al8_Tg_716.2K.csv,True,C:\Users\Admin\Downloads\cfg data\nn_output\atom_cache\sample_0009.npy
Zr46Cu46Al8,dumpZrCuAl.cooldown_760.cfg,Zr46Cu46Al8_760.0K.cfg,C:\Users\Admin\Downloads\cfg data\cfg_files_Zr46Cu46Al8\dumpZrCuAl.cooldown_760.cfg,C:\Users\Admin\Downloads\cfg data\mapped_cfg_and_metadata\mapped_cfg_Zr46Cu46Al8\Zr46Cu46Al8_760.0K.cfg,760.0,635.36667,1002.03333,-2.515194376031247,interpolated,C:\Users\Admin\Downloads\cfg data\relaxation_time_zr46cu46al8_Tg_716.2K.csv,True,C:\Users\Admin\Downloads\cfg data\nn_output\atom_cache\sample_0010.npy
Zr46Cu46Al8,dumpZrCuAl.cooldown_769.cfg,Zr46Cu46Al8_769.0K.cfg,C:\Users\Admin\Downloads\cfg data\cfg_files_Zr46Cu46Al8\dumpZrCuAl.cooldown_769.cfg,C:\Users\Admin\Downloads\cfg data\mapped_cfg_and_metadata\mapped_cfg_Zr46Cu46Al8\Zr46Cu46Al8_769.0K.cfg,769.0,635.36667,1002.03333,-3.2613619548560875,interpolated,C:\Users\Admin\Downloads\cfg data\relaxation_time_zr46cu46al8_Tg_716.2K.csv,True,C:\Users\Admin\Downloads\cfg data\nn_output\atom_cache\sample_0011.npy
Zr46Cu46Al8,dumpZrCuAl.cooldown_778.cfg,Zr46Cu46Al8_778.0K.cfg,C:\Users\Admin\Downloads\cfg data\cfg_files_Zr46Cu46Al8\dumpZrCuAl.cooldown_778.cfg,C:\Users\Admin\Downloads\cfg data\mapped_cfg_and_metadata\mapped_cfg_Zr46Cu46Al8\Zr46Cu46Al8_778.0K.cfg,778.0,635.36667,1002.03333,-3.954840705898587,interpolated,C:\Users\Admin\Downloads\cfg data\relaxation_time_zr46cu46al8_Tg_716.2K.csv,True,C:\Users\Admin\Downloads\cfg data\nn_output\atom_cache\sample_0012.npy
Zr46Cu46Al8,dumpZrCuAl.cooldown_784.cfg,Zr46Cu46Al8_784.0K.cfg,C:\Users\Admin\Downloads\cfg data\cfg_files_Zr46Cu46Al8\dumpZrCuAl.cooldown_784.cfg,C:\Users\Admin\Downloads\cfg data\mapped_cfg_and_metadata\mapped_cfg_Zr46Cu46Al8\Zr46Cu46Al8_784.0K.cfg,784.0,635.36667,1002.03333,-4.388977557764882,interpolated,C:\Users\Admin\Downloads\cfg data\relaxation_time_zr46cu46al8_Tg_716.2K.csv,True,C:\Users\Admin\Downloads\cfg data\nn_output\atom_cache\sample_0013.npy
Zr46Cu46Al8,dumpZrCuAl.cooldown_793.cfg,Zr46Cu46Al8_793.0K.cfg,C:\Users\Admin\Downloads\cfg data\cfg_files_Zr46Cu46Al8\dumpZrCuAl.cooldown_793.cfg,C:\Users\Admin\Downloads\cfg data\mapped_cfg_and_metadata\mapped_cfg_Zr46Cu46Al8\Zr46Cu46Al8_793.0K.cfg,793.0,635.36667,1002.03333,-5.002925492089014,interpolated,C:\Users\Admin\Downloads\cfg data\relaxation_time_zr46cu46al8_Tg_716.2K.csv,True,C:\Users\Admin\Downloads\cfg data\nn_output\atom_cache\sample_0014.npy
Zr46Cu46Al8,dumpZrCuAl.cooldown_806.cfg,Zr46Cu46Al8_806.0K.cfg,C:\Users\Admin\Downloads\cfg data\cfg_files_Zr46Cu46Al8\dumpZrCuAl.cooldown_806.cfg,C:\Users\Admin\Downloads\cfg data\mapped_cfg_and_metadata\mapped_cfg_Zr46Cu46Al8\Zr46Cu46Al8_806.0K.cfg,806.0,635.36667,1002.03333,-5.81576535256141,interpolated,C:\Users\Admin\Downloads\cfg data\relaxation_time_zr46cu46al8_Tg_716.2K.csv,True,C:\Users\Admin\Downloads\cfg data\nn_output\atom_cache\sample_0015.npy
Zr46Cu46Al8,dumpZrCuAl.cooldown_820.cfg,Zr46Cu46Al8_820.0K.cfg,C:\Users\Admin\Downloads\cfg data\cfg_files_Zr46Cu46Al8\dumpZrCuAl.cooldown_820.cfg,C:\Users\Admin\Downloads\cfg data\mapped_cfg_and_metadata\mapped_cfg_Zr46Cu46Al8\Zr46Cu46Al8_820.0K.cfg,820.0,635.36667,1002.03333,-6.602985461129077,interpolated,C:\Users\Admin\Downloads\cfg data\relaxation_time_zr46cu46al8_Tg_716.2K.csv,True,C:\Users\Admin\Downloads\cfg data\nn_output\atom_cache\sample_0016.npy
Zr46Cu46Al8,dumpZrCuAl.cooldown_840.cfg,Zr46Cu46Al8_840.0K.cfg,C:\Users\Admin\Downloads\cfg data\cfg_files_Zr46Cu46Al8\dumpZrCuAl.cooldown_840.cfg,C:\Users\Admin\Downloads\cfg data\mapped_cfg_and_metadata\mapped_cfg_Zr46Cu46Al8\Zr46Cu46Al8_840.0K.cfg,840.0,635.36667,1002.03333,-7.589226681346637,interpolated,C:\Users\Admin\Downloads\cfg data\relaxation_time_zr46cu46al8_Tg_716.2K.csv,True,C:\Users\Admin\Downloads\cfg data\nn_output\atom_cache\sample_0017.npy
Zr46Cu46Al8,dumpZrCuAl.cooldown_843.cfg,Zr46Cu46Al8_843.0K.cfg,C:\Users\Admin\Downloads\cfg data\cfg_files_Zr46Cu46Al8\dumpZrCuAl.cooldown_843.cfg,C:\Users\Admin\Downloads\cfg data\mapped_cfg_and_metadata\mapped_cfg_Zr46Cu46Al8\Zr46Cu46Al8_843.0K.cfg,843.0,635.36667,1002.03333,-7.724457862504274,interpolated,C:\Users\Admin\Downloads\cfg data\relaxation_time_zr46cu46al8_Tg_716.2K.csv,True,C:\Users\Admin\Downloads\cfg data\nn_output\atom_cache\sample_0018.npy
Zr46Cu46Al8,dumpZrCuAl.cooldown_861.cfg,Zr46Cu46Al8_861.0K.cfg,C:\Users\Admin\Downloads\cfg data\cfg_files_Zr46Cu46Al8\dumpZrCuAl.cooldown_861.cfg,C:\Users\Admin\Downloads\cfg data\mapped_cfg_and_metadata\mapped_cfg_Zr46Cu46Al8\Zr46Cu46Al8_861.0K.cfg,861.0,635.36667,1002.03333,-8.474475568982276,interpolated,C:\Users\Admin\Downloads\cfg data\relaxation_time_zr46cu46al8_Tg_716.2K.csv,True,C:\Users\Admin\Downloads\cfg data\nn_output\atom_cache\sample_0019.npy
Zr46Cu46Al8,dumpZrCuAl.cooldown_879.cfg,Zr46Cu46Al8_879.0K.cfg,C:\Users\Admin\Downloads\cfg data\cfg_files_Zr46Cu46Al8\dumpZrCuAl.cooldown_879.cfg,C:\Users\Admin\Downloads\cfg data\mapped_cfg_and_metadata\mapped_cfg_Zr46Cu46Al8\Zr46Cu46Al8_879.0K.cfg,879.0,635.36667,1002.03333,-9.12344618016764,interpolated,C:\Users\Admin\Downloads\cfg data\relaxation_time_zr46cu46al8_Tg_716.2K.csv,True,C:\Users\Admin\Downloads\cfg data\nn_output\atom_cache\sample_0020.npy
Zr46Cu46Al8,dumpZrCuAl.cooldown_889.cfg,Zr46Cu46Al8_889.0K.cfg,C:\Users\Admin\Downloads\cfg data\cfg_files_Zr46Cu46Al8\dumpZrCuAl.cooldown_889.cfg,C:\Users\Admin\Downloads\cfg data\mapped_cfg_and_metadata\mapped_cfg_Zr46Cu46Al8\Zr46Cu46Al8_889.0K.cfg,889.0,635.36667,1002.03333,-9.439438982162034,interpolated,C:\Users\Admin\Downloads\cfg data\relaxation_time_zr46cu46al8_Tg_716.2K.csv,True,C:\Users\Admin\Downloads\cfg data\nn_output\atom_cache\sample_0021.npy
Zr46Cu46Al8,dumpZrCuAl.cooldown_897.cfg,Zr46Cu46Al8_897.0K.cfg,C:\Users\Admin\Downloads\cfg data\cfg_files_Zr46Cu46Al8\dumpZrCuAl.cooldown_897.cfg,C:\Users\Admin\Downloads\cfg data\mapped_cfg_and_metadata\mapped_cfg_Zr46Cu46Al8\Zr46Cu46Al8_897.0K.cfg,897.0,635.36667,1002.03333,-9.667637487609952,interpolated,C:\Users\Admin\Downloads\cfg data\relaxation_time_zr46cu46al8_Tg_716.2K.csv,True,C:\Users\Admin\Downloads\cfg data\nn_output\atom_cache\sample_0022.npy
Zr46Cu46Al8,dumpZrCuAl.cooldown_906.cfg,Zr46Cu46Al8_906.0K.cfg,C:\Users\Admin\Downloads\cfg data\cfg_files_Zr46Cu46Al8\dumpZrCuAl.cooldown_906.cfg,C:\Users\Admin\Downloads\cfg data\mapped_cfg_and_metadata\mapped_cfg_Zr46Cu46Al8\Zr46Cu46Al8_906.0K.cfg,906.0,635.36667,1002.03333,-9.896380981063924,interpolated,C:\Users\Admin\Downloads\cfg data\relaxation_time_zr46cu46al8_Tg_716.2K.csv,True,C:\Users\Admin\Downloads\cfg data\nn_output\atom_cache\sample_0023.npy
Zr46Cu46Al8,dumpZrCuAl.cooldown_934.cfg,Zr46Cu46Al8_934.0K.cfg,C:\Users\Admin\Downloads\cfg data\cfg_files_Zr46Cu46Al8\dumpZrCuAl.cooldown_934.cfg,C:\Users\Admin\Downloads\cfg data\mapped_cfg_and_metadata\mapped_cfg_Zr46Cu46Al8\Zr46Cu46Al8_934.0K.cfg,934.0,635.36667,1002.03333,-10.418573591712816,interpolated,C:\Users\Admin\Downloads\cfg data\relaxation_time_zr46cu46al8_Tg_716.2K.csv,True,C:\Users\Admin\Downloads\cfg data\nn_output\atom_cache\sample_0024.npy
Zr46Cu46Al8,dumpZrCuAl.cooldown_938.cfg,Zr46Cu46Al8_938.0K.cfg,C:\Users\Admin\Downloads\cfg data\cfg_files_Zr46Cu46Al8\dumpZrCuAl.cooldown_938.cfg,C:\Users\Admin\Downloads\cfg data\mapped_cfg_and_metadata\mapped_cfg_Zr46Cu46Al8\Zr46Cu46Al8_938.0K.cfg,938.0,635.36667,1002.03333,-10.472154218051564,interpolated,C:\Users\Admin\Downloads\cfg data\relaxation_time_zr46cu46al8_Tg_716.2K.csv,True,C:\Users\Admin\Downloads\cfg data\nn_output\atom_cache\sample_0025.npy
Zr46Cu46Al8,dumpZrCuAl.cooldown_940.cfg,Zr46Cu46Al8_940.0K.cfg,C:\Users\Admin\Downloads\cfg data\cfg_files_Zr46Cu46Al8\dumpZrCuAl.cooldown_940.cfg,C:\Users\Admin\Downloads\cfg data\mapped_cfg_and_metadata\mapped_cfg_Zr46Cu46Al8\Zr46Cu46Al8_940.0K.cfg,940.0,635.36667,1002.03333,-10.497372767614465,interpolated,C:\Users\Admin\Downloads\cfg data\relaxation_time_zr46cu46al8_Tg_716.2K.csv,True,C:\Users\Admin\Downloads\cfg data\nn_output\atom_cache\sample_0026.npy
Zr46Cu46Al8,dumpZrCuAl.cooldown_944.cfg,Zr46Cu46Al8_944.0K.cfg,C:\Users\Admin\Downloads\cfg data\cfg_files_Zr46Cu46Al8\dumpZrCuAl.cooldown_944.cfg,C:\Users\Admin\Downloads\cfg data\mapped_cfg_and_metadata\mapped_cfg_Zr46Cu46Al8\Zr46Cu46Al8_944.0K.cfg,944.0,635.36667,1002.03333,-10.544766793246414,interpolated,C:\Users\Admin\Downloads\cfg data\relaxation_time_zr46cu46al8_Tg_716.2K.csv,True,C:\Users\Admin\Downloads\cfg data\nn_output\atom_cache\sample_0027.npy
Zr46Cu46Al8,dumpZrCuAl.cooldown_947.cfg,Zr46Cu46Al8_947.0K.cfg,C:\Users\Admin\Downloads\cfg data\cfg_files_Zr46Cu46Al8\dumpZrCuAl.cooldown_947.cfg,C:\Users\Admin\Downloads\cfg data\mapped_cfg_and_metadata\mapped_cfg_Zr46Cu46Al8\Zr46Cu46Al8_947.0K.cfg,947.0,635.36667,1002.03333,-10.57792723482894,interpolated,C:\Users\Admin\Downloads\cfg data\relaxation_time_zr46cu46al8_Tg_716.2K.csv,True,C:\Users\Admin\Downloads\cfg data\nn_output\atom_cache\sample_0028.npy
Zr46Cu46Al8,dumpZrCuAl.cooldown_974.cfg,Zr46Cu46Al8_974.0K.cfg,C:\Users\Admin\Downloads\cfg data\cfg_files_Zr46Cu46Al8\dumpZrCuAl.cooldown_974.cfg,C:\Users\Admin\Downloads\cfg data\mapped_cfg_and_metadata\mapped_cfg_Zr46Cu46Al8\Zr46Cu46Al8_974.0K.cfg,974.0,635.36667,1002.03333,-10.807814795910408,interpolated,C:\Users\Admin\Downloads\cfg data\relaxation_time_zr46cu46al8_Tg_716.2K.csv,True,C:\Users\Admin\Downloads\cfg data\nn_output\atom_cache\sample_0029.npy
Zr46Cu46Al8,dumpZrCuAl.cooldown_989.cfg,Zr46Cu46Al8_989.0K.cfg,C:\Users\Admin\Downloads\cfg data\cfg_files_Zr46Cu46Al8\dumpZrCuAl.cooldown_989.cfg,C:\Users\Admin\Downloads\cfg data\mapped_cfg_and_metadata\mapped_cfg_Zr46Cu46Al8\Zr46Cu46Al8_989.0K.cfg,989.0,635.36667,1002.03333,-10.902215196529609,interpolated,C:\Users\Admin\Downloads\cfg data\relaxation_time_zr46cu46al8_Tg_716.2K.csv,True,C:\Users\Admin\Downloads\cfg data\nn_output\atom_cache\sample_0030.npy
Zr50Cu40Al10,dumpZrCuAl.cooldown_621.cfg,Zr50Cu40Al10_621.0K.cfg,C:\Users\Admin\Downloads\cfg data\cfg_files_Zr50Cu40Al10\dumpZrCuAl.cooldown_621.cfg,C:\Users\Admin\Downloads\cfg data\mapped_cfg_and_metadata\mapped_cfg_Zr50Cu40Al10\Zr50Cu40Al10_621.0K.cfg,621.0,618.16667,984.83333,15.673249754120494,interpolated,C:\Users\Admin\Downloads\cfg data\relaxation_time_Zr50Cu40Al10_Tg_699K.csv,True,C:\Users\Admin\Downloads\cfg data\nn_output\atom_cache\sample_0031.npy
Zr50Cu40Al10,dumpZrCuAl.cooldown_625.cfg,Zr50Cu40Al10_625.0K.cfg,C:\Users\Admin\Downloads\cfg data\cfg_files_Zr50Cu40Al10\dumpZrCuAl.cooldown_625.cfg,C:\Users\Admin\Downloads\cfg data\mapped_cfg_and_metadata\mapped_cfg_Zr50Cu40Al10\Zr50Cu40Al10_625.0K.cfg,625.0,618.16667,984.83333,14.711243297173414,interpolated,C:\Users\Admin\Downloads\cfg data\relaxation_time_Zr50Cu40Al10_Tg_699K.csv,True,C:\Users\Admin\Downloads\cfg data\nn_output\atom_cache\sample_0032.npy
Zr50Cu40Al10,dumpZrCuAl.cooldown_637.cfg,Zr50Cu40Al10_637.0K.cfg,C:\Users\Admin\Downloads\cfg data\cfg_files_Zr50Cu40Al10\dumpZrCuAl.cooldown_637.cfg,C:\Users\Admin\Downloads\cfg data\mapped_cfg_and_metadata\mapped_cfg_Zr50Cu40Al10\Zr50Cu40Al10_637.0K.cfg,637.0,618.16667,984.83333,12.03928921382157,interpolated,C:\Users\Admin\Downloads\cfg data\relaxation_time_Zr50Cu40Al10_Tg_699K.csv,True,C:\Users\Admin\Downloads\cfg data\nn_output\atom_cache\sample_0033.npy
Zr50Cu40Al10,dumpZrCuAl.cooldown_653.cfg,Zr50Cu40Al10_653.0K.cfg,C:\Users\Admin\Downloads\cfg data\cfg_files_Zr50Cu40Al10\dumpZrCuAl.cooldown_653.cfg,C:\Users\Admin\Downloads\cfg data\mapped_cfg_and_metadata\mapped_cfg_Zr50Cu40Al10\Zr50Cu40Al10_653.0K.cfg,653.0,618.16667,984.83333,8.958666552346887,interpolated,C:\Users\Admin\Downloads\cfg data\relaxation_time_Zr50Cu40Al10_Tg_699K.csv,True,C:\Users\Admin\Downloads\cfg data\nn_output\atom_cache\sample_0034.npy
Zr50Cu40Al10,dumpZrCuAl.cooldown_671.cfg,Zr50Cu40Al10_671.0K.cfg,C:\Users\Admin\Downloads\cfg data\cfg_files_Zr50Cu40Al10\dumpZrCuAl.cooldown_671.cfg,C:\Users\Admin\Downloads\cfg data\mapped_cfg_and_metadata\mapped_cfg_Zr50Cu40Al10\Zr50Cu40Al10_671.0K.cfg,671.0,618.16667,984.83333,5.866059842560317,interpolated,C:\Users\Admin\Downloads\cfg data\relaxation_time_Zr50Cu40Al10_Tg_699K.csv,True,C:\Users\Admin\Downloads\cfg data\nn_output\atom_cache\sample_0035.npy
Zr50Cu40Al10,dumpZrCuAl.cooldown_676.cfg,Zr50Cu40Al10_676.0K.cfg,C:\Users\Admin\Downloads\cfg data\cfg_files_Zr50Cu40Al10\dumpZrCuAl.cooldown_676.cfg,C:\Users\Admin\Downloads\cfg data\mapped_cfg_and_metadata\mapped_cfg_Zr50Cu40Al10\Zr50Cu40Al10_676.0K.cfg,676.0,618.16667,984.83333,5.107508850582301,interpolated,C:\Users\Admin\Downloads\cfg data\relaxation_time_Zr50Cu40Al10_Tg_699K.csv,True,C:\Users\Admin\Downloads\cfg data\nn_output\atom_cache\sample_0036.npy
Zr50Cu40Al10,dumpZrCuAl.cooldown_683.cfg,Zr50Cu40Al10_683.0K.cfg,C:\Users\Admin\Downloads\cfg data\cfg_files_Zr50Cu40Al10\dumpZrCuAl.cooldown_683.cfg,C:\Users\Admin\Downloads\cfg data\mapped_cfg_and_metadata\mapped_cfg_Zr50Cu40Al10\Zr50Cu40Al10_683.0K.cfg,683.0,618.16667,984.83333,4.094457424025146,interpolated,C:\Users\Admin\Downloads\cfg data\relaxation_time_Zr50Cu40Al10_Tg_699K.csv,True,C:\Users\Admin\Downloads\cfg data\nn_output\atom_cache\sample_0037.npy
Zr50Cu40Al10,dumpZrCuAl.cooldown_690.cfg,Zr50Cu40Al10_690.0K.cfg,C:\Users\Admin\Downloads\cfg data\cfg_files_Zr50Cu40Al10\dumpZrCuAl.cooldown_690.cfg,C:\Users\Admin\Downloads\cfg data\mapped_cfg_and_metadata\mapped_cfg_Zr50Cu40Al10\Zr50Cu40Al10_690.0K.cfg,690.0,618.16667,984.83333,3.138672607114791,interpolated,C:\Users\Admin\Downloads\cfg data\relaxation_time_Zr50Cu40Al10_Tg_699K.csv,True,C:\Users\Admin\Downloads\cfg data\nn_output\atom_cache\sample_0038.npy
Zr50Cu40Al10,dumpZrCuAl.cooldown_707.cfg,Zr50Cu40Al10_707.0K.cfg,C:\Users\Admin\Downloads\cfg data\cfg_files_Zr50Cu40Al10\dumpZrCuAl.cooldown_707.cfg,C:\Users\Admin\Downloads\cfg data\mapped_cfg_and_metadata\mapped_cfg_Zr50Cu40Al10\Zr50Cu40Al10_707.0K.cfg,707.0,618.16667,984.83333,1.0431721140357704,interpolated,C:\Users\Admin\Downloads\cfg data\relaxation_time_Zr50Cu40Al10_Tg_699K.csv,True,C:\Users\Admin\Downloads\cfg data\nn_output\atom_cache\sample_0039.npy
Zr50Cu40Al10,dumpZrCuAl.cooldown_725.cfg,Zr50Cu40Al10_725.0K.cfg,C:\Users\Admin\Downloads\cfg data\cfg_files_Zr50Cu40Al10\dumpZrCuAl.cooldown_725.cfg,C:\Users\Admin\Downloads\cfg data\mapped_cfg_and_metadata\mapped_cfg_Zr50Cu40Al10\Zr50Cu40Al10_725.0K.cfg,725.0,618.16667,984.83333,-0.8776832956134046,interpolated,C:\Users\Admin\Downloads\cfg data\relaxation_time_Zr50Cu40Al10_Tg_699K.csv,True,C:\Users\Admin\Downloads\cfg data\nn_output\atom_cache\sample_0040.npy
Zr50Cu40Al10,dumpZrCuAl.cooldown_730.cfg,Zr50Cu40Al10_730.0K.cfg,C:\Users\Admin\Downloads\cfg data\cfg_files_Zr50Cu40Al10\dumpZrCuAl.cooldown_730.cfg,C:\Users\Admin\Downloads\cfg data\mapped_cfg_and_metadata\mapped_cfg_Zr50Cu40Al10\Zr50Cu40Al10_730.0K.cfg,730.0,618.16667,984.83333,-1.3630952837694283,interpolated,C:\Users\Admin\Downloads\cfg data\relaxation_time_Zr50Cu40Al10_Tg_699K.csv,True,C:\Users\Admin\Downloads\cfg data\nn_output\atom_cache\sample_0041.npy
Zr50Cu40Al10,dumpZrCuAl.cooldown_741.cfg,Zr50Cu40Al10_741.0K.cfg,C:\Users\Admin\Downloads\cfg data\cfg_files_Zr50Cu40Al10\dumpZrCuAl.cooldown_741.cfg,C:\Users\Admin\Downloads\cfg data\mapped_cfg_and_metadata\mapped_cfg_Zr50Cu40Al10\Zr50Cu40Al10_741.0K.cfg,741.0,618.16667,984.83333,-2.3597250869698247,interpolated,C:\Users\Admin\Downloads\cfg data\relaxation_time_Zr50Cu40Al10_Tg_699K.csv,True,C:\Users\Admin\Downloads\cfg data\nn_output\atom_cache\sample_0042.npy
Zr50Cu40Al10,dumpZrCuAl.cooldown_752.cfg,Zr50Cu40Al10_752.0K.cfg,C:\Users\Admin\Downloads\cfg data\cfg_files_Zr50Cu40Al10\dumpZrCuAl.cooldown_752.cfg,C:\Users\Admin\Downloads\cfg data\mapped_cfg_and_metadata\mapped_cfg_Zr50Cu40Al10\Zr50Cu40Al10_752.0K.cfg,752.0,618.16667,984.83333,-3.2764099247601512,interpolated,C:\Users\Admin\Downloads\cfg data\relaxation_time_Zr50Cu40Al10_Tg_699K.csv,True,C:\Users\Admin\Downloads\cfg data\nn_output\atom_cache\sample_0043.npy
Zr50Cu40Al10,dumpZrCuAl.cooldown_771.cfg,Zr50Cu40Al10_771.0K.cfg,C:\Users\Admin\Downloads\cfg data\cfg_files_Zr50Cu40Al10\dumpZrCuAl.cooldown_771.cfg,C:\Users\Admin\Downloads\cfg data\mapped_cfg_and_metadata\mapped_cfg_Zr50Cu40Al10\Zr50Cu40Al10_771.0K.cfg,771.0,618.16667,984.83333,-4.680993068573862,interpolated,C:\Users\Admin\Downloads\cfg data\relaxation_time_Zr50Cu40Al10_Tg_699K.csv,True,C:\Users\Admin\Downloads\cfg data\nn_output\atom_cache\sample_0044.npy
Zr50Cu40Al10,dumpZrCuAl.cooldown_774.cfg,Zr50Cu40Al10_774.0K.cfg,C:\Users\Admin\Downloads\cfg data\cfg_files_Zr50Cu40Al10\dumpZrCuAl.cooldown_774.cfg,C:\Users\Admin\Downloads\cfg data\mapped_cfg_and_metadata\mapped_cfg_Zr50Cu40Al10\Zr50Cu40Al10_774.0K.cfg,774.0,618.16667,984.83333,-4.883695,interpolated,C:\Users\Admin\Downloads\cfg data\relaxation_time_Zr50Cu40Al10_Tg_699K.csv,True,C:\Users\Admin\Downloads\cfg data\nn_output\atom_cache\sample_0045.npy
Zr50Cu40Al10,dumpZrCuAl.cooldown_787.cfg,Zr50Cu40Al10_787.0K.cfg,C:\Users\Admin\Downloads\cfg data\cfg_files_Zr50Cu40Al10\dumpZrCuAl.cooldown_787.cfg,C:\Users\Admin\Downloads\cfg data\mapped_cfg_and_metadata\mapped_cfg_Zr50Cu40Al10\Zr50Cu40Al10_787.0K.cfg,787.0,618.16667,984.83333,-5.708111939916121,interpolated,C:\Users\Admin\Downloads\cfg data\relaxation_time_Zr50Cu40Al10_Tg_699K.csv,True,C:\Users\Admin\Downloads\cfg data\nn_output\atom_cache\sample_0046.npy
Zr50Cu40Al10,dumpZrCuAl.cooldown_801.cfg,Zr50Cu40Al10_801.0K.cfg,C:\Users\Admin\Downloads\cfg data\cfg_files_Zr50Cu40Al10\dumpZrCuAl.cooldown_801.cfg,C:\Users\Admin\Downloads\cfg data\mapped_cfg_and_metadata\mapped_cfg_Zr50Cu40Al10\Zr50Cu40Al10_801.0K.cfg,801.0,618.16667,984.83333,-6.506514054071891,interpolated,C:\Users\Admin\Downloads\cfg data\relaxation_time_Zr50Cu40Al10_Tg_699K.csv,True,C:\Users\Admin\Downloads\cfg data\nn_output\atom_cache\sample_0047.npy
Zr50Cu40Al10,dumpZrCuAl.cooldown_808.cfg,Zr50Cu40Al10_808.0K.cfg,C:\Users\Admin\Downloads\cfg data\cfg_files_Zr50Cu40Al10\dumpZrCuAl.cooldown_808.cfg,C:\Users\Admin\Downloads\cfg data\mapped_cfg_and_metadata\mapped_cfg_Zr50Cu40Al10\Zr50Cu40Al10_808.0K.cfg,808.0,618.16667,984.83333,-6.873891846496309,interpolated,C:\Users\Admin\Downloads\cfg data\relaxation_time_Zr50Cu40Al10_Tg_699K.csv,True,C:\Users\Admin\Downloads\cfg data\nn_output\atom_cache\sample_0048.npy
Zr50Cu40Al10,dumpZrCuAl.cooldown_830.cfg,Zr50Cu40Al10_830.0K.cfg,C:\Users\Admin\Downloads\cfg data\cfg_files_Zr50Cu40Al10\dumpZrCuAl.cooldown_830.cfg,C:\Users\Admin\Downloads\cfg data\mapped_cfg_and_metadata\mapped_cfg_Zr50Cu40Al10\Zr50Cu40Al10_830.0K.cfg,830.0,618.16667,984.83333,-7.90887412895174,interpolated,C:\Users\Admin\Downloads\cfg data\relaxation_time_Zr50Cu40Al10_Tg_699K.csv,True,C:\Users\Admin\Downloads\cfg data\nn_output\atom_cache\sample_0049.npy
Zr50Cu40Al10,dumpZrCuAl.cooldown_831.cfg,Zr50Cu40Al10_831.0K.cfg,C:\Users\Admin\Downloads\cfg data\cfg_files_Zr50Cu40Al10\dumpZrCuAl.cooldown_831.cfg,C:\Users\Admin\Downloads\cfg data\mapped_cfg_and_metadata\mapped_cfg_Zr50Cu40Al10\Zr50Cu40Al10_831.0K.cfg,831.0,618.16667,984.83333,-7.951858042983913,interpolated,C:\Users\Admin\Downloads\cfg data\relaxation_time_Zr50Cu40Al10_Tg_699K.csv,True,C:\Users\Admin\Downloads\cfg data\nn_output\atom_cache\sample_0050.npy
Zr50Cu40Al10,dumpZrCuAl.cooldown_845.cfg,Zr50Cu40Al10_845.0K.cfg,C:\Users\Admin\Downloads\cfg data\cfg_files_Zr50Cu40Al10\dumpZrCuAl.cooldown_845.cfg,C:\Users\Admin\Downloads\cfg data\mapped_cfg_and_metadata\mapped_cfg_Zr50Cu40Al10\Zr50Cu40Al10_845.0K.cfg,845.0,618.16667,984.83333,-8.520912114695768,interpolated,C:\Users\Admin\Downloads\cfg data\relaxation_time_Zr50Cu40Al10_Tg_699K.csv,True,C:\Users\Admin\Downloads\cfg data\nn_output\atom_cache\sample_0051.npy
Zr50Cu40Al10,dumpZrCuAl.cooldown_862.cfg,Zr50Cu40Al10_862.0K.cfg,C:\Users\Admin\Downloads\cfg data\cfg_files_Zr50Cu40Al10\dumpZrCuAl.cooldown_862.cfg,C:\Users\Admin\Downloads\cfg data\mapped_cfg_and_metadata\mapped_cfg_Zr50Cu40Al10\Zr50Cu40Al10_862.0K.cfg,862.0,618.16667,984.83333,-9.130056966946068,interpolated,C:\Users\Admin\Downloads\cfg data\relaxation_time_Zr50Cu40Al10_Tg_699K.csv,True,C:\Users\Admin\Downloads\cfg data\nn_output\atom_cache\sample_0052.npy
Zr50Cu40Al10,dumpZrCuAl.cooldown_867.cfg,Zr50Cu40Al10_867.0K.cfg,C:\Users\Admin\Downloads\cfg data\cfg_files_Zr50Cu40Al10\dumpZrCuAl.cooldown_867.cfg,C:\Users\Admin\Downloads\cfg data\mapped_cfg_and_metadata\mapped_cfg_Zr50Cu40Al10\Zr50Cu40Al10_867.0K.cfg,867.0,618.16667,984.83333,-9.291860968578062,interpolated,C:\Users\Admin\Downloads\cfg data\relaxation_time_Zr50Cu40Al10_Tg_699K.csv,True,C:\Users\Admin\Downloads\cfg data\nn_output\atom_cache\sample_0053.npy
Zr50Cu40Al10,dumpZrCuAl.cooldown_879.cfg,Zr50Cu40Al10_879.0K.cfg,C:\Users\Admin\Downloads\cfg data\cfg_files_Zr50Cu40Al10\dumpZrCuAl.cooldown_879.cfg,C:\Users\Admin\Downloads\cfg data\mapped_cfg_and_metadata\mapped_cfg_Zr50Cu40Al10\Zr50Cu40Al10_879.0K.cfg,879.0,618.16667,984.83333,-9.645735,interpolated,C:\Users\Admin\Downloads\cfg data\relaxation_time_Zr50Cu40Al10_Tg_699K.csv,True,C:\Users\Admin\Downloads\cfg data\nn_output\atom_cache\sample_0054.npy
Zr50Cu40Al10,dumpZrCuAl.cooldown_898.cfg,Zr50Cu40Al10_898.0K.cfg,C:\Users\Admin\Downloads\cfg data\cfg_files_Zr50Cu40Al10\dumpZrCuAl.cooldown_898.cfg,C:\Users\Admin\Downloads\cfg data\mapped_cfg_and_metadata\mapped_cfg_Zr50Cu40Al10\Zr50Cu40Al10_898.0K.cfg,898.0,618.16667,984.83333,-10.098986938386124,interpolated,C:\Users\Admin\Downloads\cfg data\relaxation_time_Zr50Cu40Al10_Tg_699K.csv,True,C:\Users\Admin\Downloads\cfg data\nn_output\atom_cache\sample_0055.npy
Zr50Cu40Al10,dumpZrCuAl.cooldown_906.cfg,Zr50Cu40Al10_906.0K.cfg,C:\Users\Admin\Downloads\cfg data\cfg_files_Zr50Cu40Al10\dumpZrCuAl.cooldown_906.cfg,C:\Users\Admin\Downloads\cfg data\mapped_cfg_and_metadata\mapped_cfg_Zr50Cu40Al10\Zr50Cu40Al10_906.0K.cfg,906.0,618.16667,984.83333,-10.249624017531964,interpolated,C:\Users\Admin\Downloads\cfg data\relaxation_time_Zr50Cu40Al10_Tg_699K.csv,True,C:\Users\Admin\Downloads\cfg data\nn_output\atom_cache\sample_0056.npy
Zr50Cu40Al10,dumpZrCuAl.cooldown_912.cfg,Zr50Cu40Al10_912.0K.cfg,C:\Users\Admin\Downloads\cfg data\cfg_files_Zr50Cu40Al10\dumpZrCuAl.cooldown_912.cfg,C:\Users\Admin\Downloads\cfg data\mapped_cfg_and_metadata\mapped_cfg_Zr50Cu40Al10\Zr50Cu40Al10_912.0K.cfg,912.0,618.16667,984.83333,-10.348061984676033,interpolated,C:\Users\Admin\Downloads\cfg data\relaxation_time_Zr50Cu40Al10_Tg_699K.csv,True,C:\Users\Admin\Downloads\cfg data\nn_output\atom_cache\sample_0057.npy
Zr50Cu40Al10,dumpZrCuAl.cooldown_929.cfg,Zr50Cu40Al10_929.0K.cfg,C:\Users\Admin\Downloads\cfg data\cfg_files_Zr50Cu40Al10\dumpZrCuAl.cooldown_929.cfg,C:\Users\Admin\Downloads\cfg data\mapped_cfg_and_metadata\mapped_cfg_Zr50Cu40Al10\Zr50Cu40Al10_929.0K.cfg,929.0,618.16667,984.83333,-10.56922,interpolated,C:\Users\Admin\Downloads\cfg data\relaxation_time_Zr50Cu40Al10_Tg_699K.csv,True,C:\Users\Admin\Downloads\cfg data\nn_output\atom_cache\sample_0058.npy
Zr50Cu40Al10,dumpZrCuAl.cooldown_944.cfg,Zr50Cu40Al10_944.0K.cfg,C:\Users\Admin\Downloads\cfg data\cfg_files_Zr50Cu40Al10\dumpZrCuAl.cooldown_944.cfg,C:\Users\Admin\Downloads\cfg data\mapped_cfg_and_metadata\mapped_cfg_Zr50Cu40Al10\Zr50Cu40Al10_944.0K.cfg,944.0,618.16667,984.83333,-10.71151,interpolated,C:\Users\Admin\Downloads\cfg data\relaxation_time_Zr50Cu40Al10_Tg_699K.csv,True,C:\Users\Admin\Downloads\cfg data\nn_output\atom_cache\sample_0059.npy
Zr50Cu40Al10,dumpZrCuAl.cooldown_953.cfg,Zr50Cu40Al10_953.0K.cfg,C:\Users\Admin\Downloads\cfg data\cfg_files_Zr50Cu40Al10\dumpZrCuAl.cooldown_953.cfg,C:\Users\Admin\Downloads\cfg data\mapped_cfg_and_metadata\mapped_cfg_Zr50Cu40Al10\Zr50Cu40Al10_953.0K.cfg,953.0,618.16667,984.83333,-10.781074978130045,interpolated,C:\Users\Admin\Downloads\cfg data\relaxation_time_Zr50Cu40Al10_Tg_699K.csv,True,C:\Users\Admin\Downloads\cfg data\nn_output\atom_cache\sample_0060.npy
Zr50Cu40Al10,dumpZrCuAl.cooldown_964.cfg,Zr50Cu40Al10_964.0K.cfg,C:\Users\Admin\Downloads\cfg data\cfg_files_Zr50Cu40Al10\dumpZrCuAl.cooldown_964.cfg,C:\Users\Admin\Downloads\cfg data\mapped_cfg_and_metadata\mapped_cfg_Zr50Cu40Al10\Zr50Cu40Al10_964.0K.cfg,964.0,618.16667,984.83333,-10.85508,interpolated,C:\Users\Admin\Downloads\cfg data\relaxation_time_Zr50Cu40Al10_Tg_699K.csv,True,C:\Users\Admin\Downloads\cfg data\nn_output\atom_cache\sample_0061.npy
Zr50Cu40Al10,dumpZrCuAl.cooldown_973.cfg,Zr50Cu40Al10_973.0K.cfg,C:\Users\Admin\Downloads\cfg data\cfg_files_Zr50Cu40Al10\dumpZrCuAl.cooldown_973.cfg,C:\Users\Admin\Downloads\cfg data\mapped_cfg_and_metadata\mapped_cfg_Zr50Cu40Al10\Zr50Cu40Al10_973.0K.cfg,973.0,618.16667,984.83333,-10.909155982648034,interpolated,C:\Users\Admin\Downloads\cfg data\relaxation_time_Zr50Cu40Al10_Tg_699K.csv,True,C:\Users\Admin\Downloads\cfg data\nn_output\atom_cache\sample_0062.npy
Zr50Cu40Al10,dumpZrCuAl.cooldown_978.cfg,Zr50Cu40Al10_978.0K.cfg,C:\Users\Admin\Downloads\cfg data\cfg_files_Zr50Cu40Al10\dumpZrCuAl.cooldown_978.cfg,C:\Users\Admin\Downloads\cfg data\mapped_cfg_and_metadata\mapped_cfg_Zr50Cu40Al10\Zr50Cu40Al10_978.0K.cfg,978.0,618.16667,984.83333,-10.937266983386031,interpolated,C:\Users\Admin\Downloads\cfg data\relaxation_time_Zr50Cu40Al10_Tg_699K.csv,True,C:\Users\Admin\Downloads\cfg data\nn_output\atom_cache\sample_0063.npy
Zr52.5Cu17.9Al10Ni14.6Ti5,dumpZrCuNiAlTi.cooldown_608.cfg,Zr52p5Cu17p9Al10Ni14p6Ti5_608.0K.cfg,C:\Users\Admin\Downloads\cfg data\cfg_files_Zr52.5Cu17.9Al10Ni14.6Ti5\dumpZrCuNiAlTi.cooldown_608.cfg,C:\Users\Admin\Downloads\cfg data\mapped_cfg_and_metadata\mapped_cfg_Zr52.5Cu17.9Al10Ni14.6Ti5\Zr52p5Cu17p9Al10Ni14p6Ti5_608.0K.cfg,608.0,594.16667,960.83333,13.129129221081556,interpolated,C:\Users\Admin\Downloads\cfg data\relaxation_time_Zr52.5Cu17.9Al10Ni14.6Ti5_Tg_675K.csv,True,C:\Users\Admin\Downloads\cfg data\nn_output\atom_cache\sample_0064.npy
Zr52.5Cu17.9Al10Ni14.6Ti5,dumpZrCuNiAlTi.cooldown_614.cfg,Zr52p5Cu17p9Al10Ni14p6Ti5_614.0K.cfg,C:\Users\Admin\Downloads\cfg data\cfg_files_Zr52.5Cu17.9Al10Ni14.6Ti5\dumpZrCuNiAlTi.cooldown_614.cfg,C:\Users\Admin\Downloads\cfg data\mapped_cfg_and_metadata\mapped_cfg_Zr52.5Cu17.9Al10Ni14.6Ti5\Zr52p5Cu17p9Al10Ni14p6Ti5_614.0K.cfg,614.0,594.16667,960.83333,11.825467641464709,interpolated,C:\Users\Admin\Downloads\cfg data\relaxation_time_Zr52.5Cu17.9Al10Ni14.6Ti5_Tg_675K.csv,True,C:\Users\Admin\Downloads\cfg data\nn_output\atom_cache\sample_0065.npy
Zr52.5Cu17.9Al10Ni14.6Ti5,dumpZrCuNiAlTi.cooldown_631.cfg,Zr52p5Cu17p9Al10Ni14p6Ti5_631.0K.cfg,C:\Users\Admin\Downloads\cfg data\cfg_files_Zr52.5Cu17.9Al10Ni14.6Ti5\dumpZrCuNiAlTi.cooldown_631.cfg,C:\Users\Admin\Downloads\cfg data\mapped_cfg_and_metadata\mapped_cfg_Zr52.5Cu17.9Al10Ni14.6Ti5\Zr52p5Cu17p9Al10Ni14p6Ti5_631.0K.cfg,631.0,594.16667,960.83333,8.59429145931709,interpolated,C:\Users\Admin\Downloads\cfg data\relaxation_time_Zr52.5Cu17.9Al10Ni14.6Ti5_Tg_675K.csv,True,C:\Users\Admin\Downloads\cfg data\nn_output\atom_cache\sample_0066.npy
Zr52.5Cu17.9Al10Ni14.6Ti5,dumpZrCuNiAlTi.cooldown_652.cfg,Zr52p5Cu17p9Al10Ni14p6Ti5_652.0K.cfg,C:\Users\Admin\Downloads\cfg data\cfg_files_Zr52.5Cu17.9Al10Ni14.6Ti5\dumpZrCuNiAlTi.cooldown_652.cfg,C:\Users\Admin\Downloads\cfg data\mapped_cfg_and_metadata\mapped_cfg_Zr52.5Cu17.9Al10Ni14.6Ti5\Zr52p5Cu17p9Al10Ni14p6Ti5_652.0K.cfg,652.0,594.16667,960.83333,5.107508850582301,interpolated,C:\Users\Admin\Downloads\cfg data\relaxation_time_Zr52.5Cu17.9Al10Ni14.6Ti5_Tg_675K.csv,True,C:\Users\Admin\Downloads\cfg data\nn_output\atom_cache\sample_0067.npy
Zr52.5Cu17.9Al10Ni14.6Ti5,dumpZrCuNiAlTi.cooldown_658.cfg,Zr52p5Cu17p9Al10Ni14p6Ti5_658.0K.cfg,C:\Users\Admin\Downloads\cfg data\cfg_files_Zr52.5Cu17.9Al10Ni14.6Ti5\dumpZrCuNiAlTi.cooldown_658.cfg,C:\Users\Admin\Downloads\cfg data\mapped_cfg_and_metadata\mapped_cfg_Zr52.5Cu17.9Al10Ni14.6Ti5\Zr52p5Cu17p9Al10Ni14p6Ti5_658.0K.cfg,658.0,594.16667,960.83333,4.235799141341715,interpolated,C:\Users\Admin\Downloads\cfg data\relaxation_time_Zr52.5Cu17.9Al10Ni14.6Ti5_Tg_675K.csv,True,C:\Users\Admin\Downloads\cfg data\nn_output\atom_cache\sample_0068.npy
Zr52.5Cu17.9Al10Ni14.6Ti5,dumpZrCuNiAlTi.cooldown_666.cfg,Zr52p5Cu17p9Al10Ni14p6Ti5_666.0K.cfg,C:\Users\Admin\Downloads\cfg data\cfg_files_Zr52.5Cu17.9Al10Ni14.6Ti5\dumpZrCuNiAlTi.cooldown_666.cfg,C:\Users\Admin\Downloads\cfg data\mapped_cfg_and_metadata\mapped_cfg_Zr52.5Cu17.9Al10Ni14.6Ti5\Zr52p5Cu17p9Al10Ni14p6Ti5_666.0K.cfg,666.0,594.16667,960.83333,3.138672607114791,interpolated,C:\Users\Admin\Downloads\cfg data\relaxation_time_Zr52.5Cu17.9Al10Ni14.6Ti5_Tg_675K.csv,True,C:\Users\Admin\Downloads\cfg data\nn_output\atom_cache\sample_0069.npy
Zr52.5Cu17.9Al10Ni14.6Ti5,dumpZrCuNiAlTi.cooldown_678.cfg,Zr52p5Cu17p9Al10Ni14p6Ti5_678.0K.cfg,C:\Users\Admin\Downloads\cfg data\cfg_files_Zr52.5Cu17.9Al10Ni14.6Ti5\dumpZrCuNiAlTi.cooldown_678.cfg,C:\Users\Admin\Downloads\cfg data\mapped_cfg_and_metadata\mapped_cfg_Zr52.5Cu17.9Al10Ni14.6Ti5\Zr52p5Cu17p9Al10Ni14p6Ti5_678.0K.cfg,678.0,594.16667,960.83333,1.6284371183857616,interpolated,C:\Users\Admin\Downloads\cfg data\relaxation_time_Zr52.5Cu17.9Al10Ni14.6Ti5_Tg_675K.csv,True,C:\Users\Admin\Downloads\cfg data\nn_output\atom_cache\sample_0070.npy
Zr52.5Cu17.9Al10Ni14.6Ti5,dumpZrCuNiAlTi.cooldown_680.cfg,Zr52p5Cu17p9Al10Ni14p6Ti5_680.0K.cfg,C:\Users\Admin\Downloads\cfg data\cfg_files_Zr52.5Cu17.9Al10Ni14.6Ti5\dumpZrCuNiAlTi.cooldown_680.cfg,C:\Users\Admin\Downloads\cfg data\mapped_cfg_and_metadata\mapped_cfg_Zr52.5Cu17.9Al10Ni14.6Ti5\Zr52p5Cu17p9Al10Ni14p6Ti5_680.0K.cfg,680.0,594.16667,960.83333,1.392105,interpolated,C:\Users\Admin\Downloads\cfg data\relaxation_time_Zr52.5Cu17.9Al10Ni14.6Ti5_Tg_675K.csv,True,C:\Users\Admin\Downloads\cfg data\nn_output\atom_cache\sample_0071.npy
Zr52.5Cu17.9Al10Ni14.6Ti5,dumpZrCuNiAlTi.cooldown_696.cfg,Zr52p5Cu17p9Al10Ni14p6Ti5_696.0K.cfg,C:\Users\Admin\Downloads\cfg data\cfg_files_Zr52.5Cu17.9Al10Ni14.6Ti5\dumpZrCuNiAlTi.cooldown_696.cfg,C:\Users\Admin\Downloads\cfg data\mapped_cfg_and_metadata\mapped_cfg_Zr52.5Cu17.9Al10Ni14.6Ti5\Zr52p5Cu17p9Al10Ni14p6Ti5_696.0K.cfg,696.0,594.16667,960.83333,-0.372578306863382,interpolated,C:\Users\Admin\Downloads\cfg data\relaxation_time_Zr52.5Cu17.9Al10Ni14.6Ti5_Tg_675K.csv,True,C:\Users\Admin\Downloads\cfg data\nn_output\atom_cache\sample_0072.npy
Zr52.5Cu17.9Al10Ni14.6Ti5,dumpZrCuNiAlTi.cooldown_718.cfg,Zr52p5Cu17p9Al10Ni14p6Ti5_718.0K.cfg,C:\Users\Admin\Downloads\cfg data\cfg_files_Zr52.5Cu17.9Al10Ni14.6Ti5\dumpZrCuNiAlTi.cooldown_718.cfg,C:\Users\Admin\Downloads\cfg data\mapped_cfg_and_metadata\mapped_cfg_Zr52.5Cu17.9Al10Ni14.6Ti5\Zr52p5Cu17p9Al10Ni14p6Ti5_718.0K.cfg,718.0,594.16667,960.83333,-2.4462809138581734,interpolated,C:\Users\Admin\Downloads\cfg data\relaxation_time_Zr52.5Cu17.9Al10Ni14.6Ti5_Tg_675K.csv,True,C:\Users\Admin\Downloads\cfg data\nn_output\atom_cache\sample_0073.npy
Zr52.5Cu17.9Al10Ni14.6Ti5,dumpZrCuNiAlTi.cooldown_723.cfg,Zr52p5Cu17p9Al10Ni14p6Ti5_723.0K.cfg,C:\Users\Admin\Downloads\cfg data\cfg_files_Zr52.5Cu17.9Al10Ni14.6Ti5\dumpZrCuNiAlTi.cooldown_723.cfg,C:\Users\Admin\Downloads\cfg data\mapped_cfg_and_metadata\mapped_cfg_Zr52.5Cu17.9Al10Ni14.6Ti5\Zr52p5Cu17p9Al10Ni14p6Ti5_723.0K.cfg,723.0,594.16667,960.83333,-2.873934917050167,interpolated,C:\Users\Admin\Downloads\cfg data\relaxation_time_Zr52.5Cu17.9Al10Ni14.6Ti5_Tg_675K.csv,True,C:\Users\Admin\Downloads\cfg data\nn_output\atom_cache\sample_0074.npy
Zr52.5Cu17.9Al10Ni14.6Ti5,dumpZrCuNiAlTi.cooldown_740.cfg,Zr52p5Cu17p9Al10Ni14p6Ti5_740.0K.cfg,C:\Users\Admin\Downloads\cfg data\cfg_files_Zr52.5Cu17.9Al10Ni14.6Ti5\dumpZrCuNiAlTi.cooldown_740.cfg,C:\Users\Admin\Downloads\cfg data\mapped_cfg_and_metadata\mapped_cfg_Zr52.5Cu17.9Al10Ni14.6Ti5\Zr52p5Cu17p9Al10Ni14p6Ti5_740.0K.cfg,740.0,594.16667,960.83333,-4.194145,interpolated,C:\Users\Admin\Downloads\cfg data\relaxation_time_Zr52.5Cu17.9Al10Ni14.6Ti5_Tg_675K.csv,True,C:\Users\Admin\Downloads\cfg data\nn_output\atom_cache\sample_0075.npy
Zr52.5Cu17.9Al10Ni14.6Ti5,dumpZrCuNiAlTi.cooldown_743.cfg,Zr52p5Cu17p9Al10Ni14p6Ti5_743.0K.cfg,C:\Users\Admin\Downloads\cfg data\cfg_files_Zr52.5Cu17.9Al10Ni14.6Ti5\dumpZrCuNiAlTi.cooldown_743.cfg,C:\Users\Admin\Downloads\cfg data\mapped_cfg_and_metadata\mapped_cfg_Zr52.5Cu17.9Al10Ni14.6Ti5\Zr52p5Cu17p9Al10Ni14p6Ti5_743.0K.cfg,743.0,594.16667,960.83333,-4.403055929608142,interpolated,C:\Users\Admin\Downloads\cfg data\relaxation_time_Zr52.5Cu17.9Al10Ni14.6Ti5_Tg_675K.csv,True,C:\Users\Admin\Downloads\cfg data\nn_output\atom_cache\sample_0076.npy
Zr52.5Cu17.9Al10Ni14.6Ti5,dumpZrCuNiAlTi.cooldown_753.cfg,Zr52p5Cu17p9Al10Ni14p6Ti5_753.0K.cfg,C:\Users\Admin\Downloads\cfg data\cfg_files_Zr52.5Cu17.9Al10Ni14.6Ti5\dumpZrCuNiAlTi.cooldown_753.cfg,C:\Users\Admin\Downloads\cfg data\mapped_cfg_and_metadata\mapped_cfg_Zr52.5Cu17.9Al10Ni14.6Ti5\Zr52p5Cu17p9Al10Ni14p6Ti5_753.0K.cfg,753.0,594.16667,960.83333,-5.081477934984131,interpolated,C:\Users\Admin\Downloads\cfg data\relaxation_time_Zr52.5Cu17.9Al10Ni14.6Ti5_Tg_675K.csv,True,C:\Users\Admin\Downloads\cfg data\nn_output\atom_cache\sample_0077.npy
Zr52.5Cu17.9Al10Ni14.6Ti5,dumpZrCuNiAlTi.cooldown_759.cfg,Zr52p5Cu17p9Al10Ni14p6Ti5_759.0K.cfg,C:\Users\Admin\Downloads\cfg data\cfg_files_Zr52.5Cu17.9Al10Ni14.6Ti5\dumpZrCuNiAlTi.cooldown_759.cfg,C:\Users\Admin\Downloads\cfg data\mapped_cfg_and_metadata\mapped_cfg_Zr52.5Cu17.9Al10Ni14.6Ti5\Zr52p5Cu17p9Al10Ni14p6Ti5_759.0K.cfg,759.0,594.16667,960.83333,-5.463544812530378,interpolated,C:\Users\Admin\Downloads\cfg data\relaxation_time_Zr52.5Cu17.9Al10Ni14.6Ti5_Tg_675K.csv,True,C:\Users\Admin\Downloads\cfg data\nn_output\atom_cache\sample_0078.npy
Zr52.5Cu17.9Al10Ni14.6Ti5,dumpZrCuNiAlTi.cooldown_769.cfg,Zr52p5Cu17p9Al10Ni14p6Ti5_769.0K.cfg,C:\Users\Admin\Downloads\cfg data\cfg_files_Zr52.5Cu17.9Al10Ni14.6Ti5\dumpZrCuNiAlTi.cooldown_769.cfg,C:\Users\Admin\Downloads\cfg data\mapped_cfg_and_metadata\mapped_cfg_Zr52.5Cu17.9Al10Ni14.6Ti5\Zr52p5Cu17p9Al10Ni14p6Ti5_769.0K.cfg,769.0,594.16667,960.83333,-6.061114826930349,interpolated,C:\Users\Admin\Downloads\cfg data\relaxation_time_Zr52.5Cu17.9Al10Ni14.6Ti5_Tg_675K.csv,True,C:\Users\Admin\Downloads\cfg data\nn_output\atom_cache\sample_0079.npy
Zr52.5Cu17.9Al10Ni14.6Ti5,dumpZrCuNiAlTi.cooldown_778.cfg,Zr52p5Cu17p9Al10Ni14p6Ti5_778.0K.cfg,C:\Users\Admin\Downloads\cfg data\cfg_files_Zr52.5Cu17.9Al10Ni14.6Ti5\dumpZrCuNiAlTi.cooldown_778.cfg,C:\Users\Admin\Downloads\cfg data\mapped_cfg_and_metadata\mapped_cfg_Zr52.5Cu17.9Al10Ni14.6Ti5\Zr52p5Cu17p9Al10Ni14p6Ti5_778.0K.cfg,778.0,594.16667,960.83333,-6.560255946588107,interpolated,C:\Users\Admin\Downloads\cfg data\relaxation_time_Zr52.5Cu17.9Al10Ni14.6Ti5_Tg_675K.csv,True,C:\Users\Admin\Downloads\cfg data\nn_output\atom_cache\sample_0080.npy
Zr52.5Cu17.9Al10Ni14.6Ti5,dumpZrCuNiAlTi.cooldown_799.cfg,Zr52p5Cu17p9Al10Ni14p6Ti5_799.0K.cfg,C:\Users\Admin\Downloads\cfg data\cfg_files_Zr52.5Cu17.9Al10Ni14.6Ti5\dumpZrCuNiAlTi.cooldown_799.cfg,C:\Users\Admin\Downloads\cfg data\mapped_cfg_and_metadata\mapped_cfg_Zr52.5Cu17.9Al10Ni14.6Ti5\Zr52p5Cu17p9Al10Ni14p6Ti5_799.0K.cfg,799.0,594.16667,960.83333,-7.598353863092275,interpolated,C:\Users\Admin\Downloads\cfg data\relaxation_time_Zr52.5Cu17.9Al10Ni14.6Ti5_Tg_675K.csv,True,C:\Users\Admin\Downloads\cfg data\nn_output\atom_cache\sample_0081.npy
Zr52.5Cu17.9Al10Ni14.6Ti5,dumpZrCuNiAlTi.cooldown_811.cfg,Zr52p5Cu17p9Al10Ni14p6Ti5_811.0K.cfg,C:\Users\Admin\Downloads\cfg data\cfg_files_Zr52.5Cu17.9Al10Ni14.6Ti5\dumpZrCuNiAlTi.cooldown_811.cfg,C:\Users\Admin\Downloads\cfg data\mapped_cfg_and_metadata\mapped_cfg_Zr52.5Cu17.9Al10Ni14.6Ti5\Zr52p5Cu17p9Al10Ni14p6Ti5_811.0K.cfg,811.0,594.16667,960.83333,-8.12076612412775,interpolated,C:\Users\Admin\Downloads\cfg data\relaxation_time_Zr52.5Cu17.9Al10Ni14.6Ti5_Tg_675K.csv,True,C:\Users\Admin\Downloads\cfg data\nn_output\atom_cache\sample_0082.npy
Zr52.5Cu17.9Al10Ni14.6Ti5,dumpZrCuNiAlTi.cooldown_818.cfg,Zr52p5Cu17p9Al10Ni14p6Ti5_818.0K.cfg,C:\Users\Admin\Downloads\cfg data\cfg_files_Zr52.5Cu17.9Al10Ni14.6Ti5\dumpZrCuNiAlTi.cooldown_818.cfg,C:\Users\Admin\Downloads\cfg data\mapped_cfg_and_metadata\mapped_cfg_Zr52.5Cu17.9Al10Ni14.6Ti5\Zr52p5Cu17p9Al10Ni14p6Ti5_818.0K.cfg,818.0,594.16667,960.83333,-8.404083960712079,interpolated,C:\Users\Admin\Downloads\cfg data\relaxation_time_Zr52.5Cu17.9Al10Ni14.6Ti5_Tg_675K.csv,True,C:\Users\Admin\Downloads\cfg data\nn_output\atom_cache\sample_0083.npy
Zr52.5Cu17.9Al10Ni14.6Ti5,dumpZrCuNiAlTi.cooldown_831.cfg,Zr52p5Cu17p9Al10Ni14p6Ti5_831.0K.cfg,C:\Users\Admin\Downloads\cfg data\cfg_files_Zr52.5Cu17.9Al10Ni14.6Ti5\dumpZrCuNiAlTi.cooldown_831.cfg,C:\Users\Admin\Downloads\cfg data\mapped_cfg_and_metadata\mapped_cfg_Zr52.5Cu17.9Al10Ni14.6Ti5\Zr52p5Cu17p9Al10Ni14p6Ti5_831.0K.cfg,831.0,594.16667,960.83333,-8.890126105587786,interpolated,C:\Users\Admin\Downloads\cfg data\relaxation_time_Zr52.5Cu17.9Al10Ni14.6Ti5_Tg_675K.csv,True,C:\Users\Admin\Downloads\cfg data\nn_output\atom_cache\sample_0084.npy
Zr52.5Cu17.9Al10Ni14.6Ti5,dumpZrCuNiAlTi.cooldown_839.cfg,Zr52p5Cu17p9Al10Ni14p6Ti5_839.0K.cfg,C:\Users\Admin\Downloads\cfg data\cfg_files_Zr52.5Cu17.9Al10Ni14.6Ti5\dumpZrCuNiAlTi.cooldown_839.cfg,C:\Users\Admin\Downloads\cfg data\mapped_cfg_and_metadata\mapped_cfg_Zr52.5Cu17.9Al10Ni14.6Ti5\Zr52p5Cu17p9Al10Ni14p6Ti5_839.0K.cfg,839.0,594.16667,960.83333,-9.1631109008382,interpolated,C:\Users\Admin\Downloads\cfg data\relaxation_time_Zr52.5Cu17.9Al10Ni14.6Ti5_Tg_675K.csv,True,C:\Users\Admin\Downloads\cfg data\nn_output\atom_cache\sample_0085.npy
Zr52.5Cu17.9Al10Ni14.6Ti5,dumpZrCuNiAlTi.cooldown_852.cfg,Zr52p5Cu17p9Al10Ni14p6Ti5_852.0K.cfg,C:\Users\Admin\Downloads\cfg data\cfg_files_Zr52.5Cu17.9Al10Ni14.6Ti5\dumpZrCuNiAlTi.cooldown_852.cfg,C:\Users\Admin\Downloads\cfg data\mapped_cfg_and_metadata\mapped_cfg_Zr52.5Cu17.9Al10Ni14.6Ti5\Zr52p5Cu17p9Al10Ni14p6Ti5_852.0K.cfg,852.0,594.16667,960.83333,-9.562011028577942,interpolated,C:\Users\Admin\Downloads\cfg data\relaxation_time_Zr52.5Cu17.9Al10Ni14.6Ti5_Tg_675K.csv,True,C:\Users\Admin\Downloads\cfg data\nn_output\atom_cache\sample_0086.npy
Zr52.5Cu17.9Al10Ni14.6Ti5,dumpZrCuNiAlTi.cooldown_875.cfg,Zr52p5Cu17p9Al10Ni14p6Ti5_875.0K.cfg,C:\Users\Admin\Downloads\cfg data\cfg_files_Zr52.5Cu17.9Al10Ni14.6Ti5\dumpZrCuNiAlTi.cooldown_875.cfg,C:\Users\Admin\Downloads\cfg data\mapped_cfg_and_metadata\mapped_cfg_Zr52.5Cu17.9Al10Ni14.6Ti5\Zr52p5Cu17p9Al10Ni14p6Ti5_875.0K.cfg,875.0,594.16667,960.83333,-10.119015,interpolated,C:\Users\Admin\Downloads\cfg data\relaxation_time_Zr52.5Cu17.9Al10Ni14.6Ti5_Tg_675K.csv,True,C:\Users\Admin\Downloads\cfg data\nn_output\atom_cache\sample_0087.npy
Zr52.5Cu17.9Al10Ni14.6Ti5,dumpZrCuNiAlTi.cooldown_882.cfg,Zr52p5Cu17p9Al10Ni14p6Ti5_882.0K.cfg,C:\Users\Admin\Downloads\cfg data\cfg_files_Zr52.5Cu17.9Al10Ni14.6Ti5\dumpZrCuNiAlTi.cooldown_882.cfg,C:\Users\Admin\Downloads\cfg data\mapped_cfg_and_metadata\mapped_cfg_Zr52.5Cu17.9Al10Ni14.6Ti5\Zr52p5Cu17p9Al10Ni14p6Ti5_882.0K.cfg,882.0,594.16667,960.83333,-10.249624017531964,interpolated,C:\Users\Admin\Downloads\cfg data\relaxation_time_Zr52.5Cu17.9Al10Ni14.6Ti5_Tg_675K.csv,True,C:\Users\Admin\Downloads\cfg data\nn_output\atom_cache\sample_0088.npy
Zr52.5Cu17.9Al10Ni14.6Ti5,dumpZrCuNiAlTi.cooldown_889.cfg,Zr52p5Cu17p9Al10Ni14p6Ti5_889.0K.cfg,C:\Users\Admin\Downloads\cfg data\cfg_files_Zr52.5Cu17.9Al10Ni14.6Ti5\dumpZrCuNiAlTi.cooldown_889.cfg,C:\Users\Admin\Downloads\cfg data\mapped_cfg_and_metadata\mapped_cfg_Zr52.5Cu17.9Al10Ni14.6Ti5\Zr52p5Cu17p9Al10Ni14p6Ti5_889.0K.cfg,889.0,594.16667,960.83333,-10.363385954028091,interpolated,C:\Users\Admin\Downloads\cfg data\relaxation_time_Zr52.5Cu17.9Al10Ni14.6Ti5_Tg_675K.csv,True,C:\Users\Admin\Downloads\cfg data\nn_output\atom_cache\sample_0089.npy
Zr52.5Cu17.9Al10Ni14.6Ti5,dumpZrCuNiAlTi.cooldown_909.cfg,Zr52p5Cu17p9Al10Ni14p6Ti5_909.0K.cfg,C:\Users\Admin\Downloads\cfg data\cfg_files_Zr52.5Cu17.9Al10Ni14.6Ti5\dumpZrCuNiAlTi.cooldown_909.cfg,C:\Users\Admin\Downloads\cfg data\mapped_cfg_and_metadata\mapped_cfg_Zr52.5Cu17.9Al10Ni14.6Ti5\Zr52p5Cu17p9Al10Ni14p6Ti5_909.0K.cfg,909.0,594.16667,960.83333,-10.61115896938206,interpolated,C:\Users\Admin\Downloads\cfg data\relaxation_time_Zr52.5Cu17.9Al10Ni14.6Ti5_Tg_675K.csv,True,C:\Users\Admin\Downloads\cfg data\nn_output\atom_cache\sample_0090.npy
Zr52.5Cu17.9Al10Ni14.6Ti5,dumpZrCuNiAlTi.cooldown_914.cfg,Zr52p5Cu17p9Al10Ni14p6Ti5_914.0K.cfg,C:\Users\Admin\Downloads\cfg data\cfg_files_Zr52.5Cu17.9Al10Ni14.6Ti5\dumpZrCuNiAlTi.cooldown_914.cfg,C:\Users\Admin\Downloads\cfg data\mapped_cfg_and_metadata\mapped_cfg_Zr52.5Cu17.9Al10Ni14.6Ti5\Zr52p5Cu17p9Al10Ni14p6Ti5_914.0K.cfg,914.0,594.16667,960.83333,-10.659231972136055,interpolated,C:\Users\Admin\Downloads\cfg data\relaxation_time_Zr52.5Cu17.9Al10Ni14.6Ti5_Tg_675K.csv,True,C:\Users\Admin\Downloads\cfg data\nn_output\atom_cache\sample_0091.npy
Zr52.5Cu17.9Al10Ni14.6Ti5,dumpZrCuNiAlTi.cooldown_922.cfg,Zr52p5Cu17p9Al10Ni14p6Ti5_922.0K.cfg,C:\Users\Admin\Downloads\cfg data\cfg_files_Zr52.5Cu17.9Al10Ni14.6Ti5\dumpZrCuNiAlTi.cooldown_922.cfg,C:\Users\Admin\Downloads\cfg data\mapped_cfg_and_metadata\mapped_cfg_Zr52.5Cu17.9Al10Ni14.6Ti5\Zr52p5Cu17p9Al10Ni14p6Ti5_922.0K.cfg,922.0,594.16667,960.83333,-10.727818008063984,interpolated,C:\Users\Admin\Downloads\cfg data\relaxation_time_Zr52.5Cu17.9Al10Ni14.6Ti5_Tg_675K.csv,True,C:\Users\Admin\Downloads\cfg data\nn_output\atom_cache\sample_0092.npy
Zr52.5Cu17.9Al10Ni14.6Ti5,dumpZrCuNiAlTi.cooldown_957.cfg,Zr52p5Cu17p9Al10Ni14p6Ti5_957.0K.cfg,C:\Users\Admin\Downloads\cfg data\cfg_files_Zr52.5Cu17.9Al10Ni14.6Ti5\dumpZrCuNiAlTi.cooldown_957.cfg,C:\Users\Admin\Downloads\cfg data\mapped_cfg_and_metadata\mapped_cfg_Zr52.5Cu17.9Al10Ni14.6Ti5\Zr52p5Cu17p9Al10Ni14p6Ti5_957.0K.cfg,957.0,594.16667,960.83333,-10.953576005387989,interpolated,C:\Users\Admin\Downloads\cfg data\relaxation_time_Zr52.5Cu17.9Al10Ni14.6Ti5_Tg_675K.csv,True,C:\Users\Admin\Downloads\cfg data\nn_output\atom_cache\sample_0093.npy
Zr64.13Cu15.75Ni10.12Al10,dumpZrCuNiAl.cooldown_566.cfg,Zr64p13Cu15p75Ni10p12Al10_566.0K.cfg,C:\Users\Admin\Downloads\cfg data\cfg_files_Zr64.13Cu15.75Ni10.12Al10\dumpZrCuNiAl.cooldown_566.cfg,C:\Users\Admin\Downloads\cfg data\mapped_cfg_and_metadata\mapped_cfg_Zr64.13Cu15.75Ni10.12Al10\Zr64p13Cu15p75Ni10p12Al10_566.0K.cfg,566.0,565.46667,932.13333,16.243296299845206,interpolated,C:\Users\Admin\Downloads\cfg data\relaxation_time_Zr64.13Cu15.75Ni10.12Al10_Tg_646.3K.csv,True,C:\Users\Admin\Downloads\cfg data\nn_output\atom_cache\sample_0094.npy
Zr64.13Cu15.75Ni10.12Al10,dumpZrCuNiAl.cooldown_569.cfg,Zr64p13Cu15p75Ni10p12Al10_569.0K.cfg,C:\Users\Admin\Downloads\cfg data\cfg_files_Zr64.13Cu15.75Ni10.12Al10\dumpZrCuNiAl.cooldown_569.cfg,C:\Users\Admin\Downloads\cfg data\mapped_cfg_and_metadata\mapped_cfg_Zr64.13Cu15.75Ni10.12Al10\Zr64p13Cu15p75Ni10p12Al10_569.0K.cfg,569.0,565.46667,932.13333,15.501920096779797,interpolated,C:\Users\Admin\Downloads\cfg data\relaxation_time_Zr64.13Cu15.75Ni10.12Al10_Tg_646.3K.csv,True,C:\Users\Admin\Downloads\cfg data\nn_output\atom_cache\sample_0095.npy
Zr64.13Cu15.75Ni10.12Al10,dumpZrCuNiAl.cooldown_573.cfg,Zr64p13Cu15p75Ni10p12Al10_573.0K.cfg,C:\Users\Admin\Downloads\cfg data\cfg_files_Zr64.13Cu15.75Ni10.12Al10\dumpZrCuNiAl.cooldown_573.cfg,C:\Users\Admin\Downloads\cfg data\mapped_cfg_and_metadata\mapped_cfg_Zr64.13Cu15.75Ni10.12Al10\Zr64p13Cu15p75Ni10p12Al10_573.0K.cfg,573.0,565.46667,932.13333,14.547250425159143,interpolated,C:\Users\Admin\Downloads\cfg data\relaxation_time_Zr64.13Cu15.75Ni10.12Al10_Tg_646.3K.csv,True,C:\Users\Admin\Downloads\cfg data\nn_output\atom_cache\sample_0096.npy
Zr64.13Cu15.75Ni10.12Al10,dumpZrCuNiAl.cooldown_591.cfg,Zr64p13Cu15p75Ni10p12Al10_591.0K.cfg,C:\Users\Admin\Downloads\cfg data\cfg_files_Zr64.13Cu15.75Ni10.12Al10\dumpZrCuNiAl.cooldown_591.cfg,C:\Users\Admin\Downloads\cfg data\mapped_cfg_and_metadata\mapped_cfg_Zr64.13Cu15.75Ni10.12Al10\Zr64p13Cu15p75Ni10p12Al10_591.0K.cfg,591.0,565.46667,932.13333,10.638503443713777,interpolated,C:\Users\Admin\Downloads\cfg data\relaxation_time_Zr64.13Cu15.75Ni10.12Al10_Tg_646.3K.csv,True,C:\Users\Admin\Downloads\cfg data\nn_output\atom_cache\sample_0097.npy
Zr64.13Cu15.75Ni10.12Al10,dumpZrCuNiAl.cooldown_602.cfg,Zr64p13Cu15p75Ni10p12Al10_602.0K.cfg,C:\Users\Admin\Downloads\cfg data\cfg_files_Zr64.13Cu15.75Ni10.12Al10\dumpZrCuNiAl.cooldown_602.cfg,C:\Users\Admin\Downloads\cfg data\mapped_cfg_and_metadata\mapped_cfg_Zr64.13Cu15.75Ni10.12Al10\Zr64p13Cu15p75Ni10p12Al10_602.0K.cfg,602.0,565.46667,932.13333,8.64862148986596,interpolated,C:\Users\Admin\Downloads\cfg data\relaxation_time_Zr64.13Cu15.75Ni10.12Al10_Tg_646.3K.csv,True,C:\Users\Admin\Downloads\cfg data\nn_output\atom_cache\sample_0098.npy
Zr64.13Cu15.75Ni10.12Al10,dumpZrCuNiAl.cooldown_604.cfg,Zr64p13Cu15p75Ni10p12Al10_604.0K.cfg,C:\Users\Admin\Downloads\cfg data\cfg_files_Zr64.13Cu15.75Ni10.12Al10\dumpZrCuNiAl.cooldown_604.cfg,C:\Users\Admin\Downloads\cfg data\mapped_cfg_and_metadata\mapped_cfg_Zr64.13Cu15.75Ni10.12Al10\Zr64p13Cu15p75Ni10p12Al10_604.0K.cfg,604.0,565.46667,932.13333,8.288300471299051,interpolated,C:\Users\Admin\Downloads\cfg data\relaxation_time_Zr64.13Cu15.75Ni10.12Al10_Tg_646.3K.csv,True,C:\Users\Admin\Downloads\cfg data\nn_output\atom_cache\sample_0099.npy
Zr64.13Cu15.75Ni10.12Al10,dumpZrCuNiAl.cooldown_625.cfg,Zr64p13Cu15p75Ni10p12Al10_625.0K.cfg,C:\Users\Admin\Downloads\cfg data\cfg_files_Zr64.13Cu15.75Ni10.12Al10\dumpZrCuNiAl.cooldown_625.cfg,C:\Users\Admin\Downloads\cfg data\mapped_cfg_and_metadata\mapped_cfg_Zr64.13Cu15.75Ni10.12Al10\Zr64p13Cu15p75Ni10p12Al10_625.0K.cfg,625.0,565.46667,932.13333,4.856061953476093,interpolated,C:\Users\Admin\Downloads\cfg data\relaxation_time_Zr64.13Cu15.75Ni10.12Al10_Tg_646.3K.csv,True,C:\Users\Admin\Downloads\cfg data\nn_output\atom_cache\sample_0100.npy
Zr64.13Cu15.75Ni10.12Al10,dumpZrCuNiAl.cooldown_638.cfg,Zr64p13Cu15p75Ni10p12Al10_638.0K.cfg,C:\Users\Admin\Downloads\cfg data\cfg_files_Zr64.13Cu15.75Ni10.12Al10\dumpZrCuNiAl.cooldown_638.cfg,C:\Users\Admin\Downloads\cfg data\mapped_cfg_and_metadata\mapped_cfg_Zr64.13Cu15.75Ni10.12Al10\Zr64p13Cu15p75Ni10p12Al10_638.0K.cfg,638.0,565.46667,932.13333,3.046999390461216,interpolated,C:\Users\Admin\Downloads\cfg data\relaxation_time_Zr64.13Cu15.75Ni10.12Al10_Tg_646.3K.csv,True,C:\Users\Admin\Downloads\cfg data\nn_output\atom_cache\sample_0101.npy
Zr64.13Cu15.75Ni10.12Al10,dumpZrCuNiAl.cooldown_649.cfg,Zr64p13Cu15p75Ni10p12Al10_649.0K.cfg,C:\Users\Admin\Downloads\cfg data\cfg_files_Zr64.13Cu15.75Ni10.12Al10\dumpZrCuNiAl.cooldown_649.cfg,C:\Users\Admin\Downloads\cfg data\mapped_cfg_and_metadata\mapped_cfg_Zr64.13Cu15.75Ni10.12Al10\Zr64p13Cu15p75Ni10p12Al10_649.0K.cfg,649.0,565.46667,932.13333,1.6639528473543008,interpolated,C:\Users\Admin\Downloads\cfg data\relaxation_time_Zr64.13Cu15.75Ni10.12Al10_Tg_646.3K.csv,True,C:\Users\Admin\Downloads\cfg data\nn_output\atom_cache\sample_0102.npy
Zr64.13Cu15.75Ni10.12Al10,dumpZrCuNiAl.cooldown_661.cfg,Zr64p13Cu15p75Ni10p12Al10_661.0K.cfg,C:\Users\Admin\Downloads\cfg data\cfg_files_Zr64.13Cu15.75Ni10.12Al10\dumpZrCuNiAl.cooldown_661.cfg,C:\Users\Admin\Downloads\cfg data\mapped_cfg_and_metadata\mapped_cfg_Zr64.13Cu15.75Ni10.12Al10\Zr64p13Cu15p75Ni10p12Al10_661.0K.cfg,661.0,565.46667,932.13333,0.2949465301261221,interpolated,C:\Users\Admin\Downloads\cfg data\relaxation_time_Zr64.13Cu15.75Ni10.12Al10_Tg_646.3K.csv,True,C:\Users\Admin\Downloads\cfg data\nn_output\atom_cache\sample_0103.npy
Zr64.13Cu15.75Ni10.12Al10,dumpZrCuNiAl.cooldown_664.cfg,Zr64p13Cu15p75Ni10p12Al10_664.0K.cfg,C:\Users\Admin\Downloads\cfg data\cfg_files_Zr64.13Cu15.75Ni10.12Al10\dumpZrCuNiAl.cooldown_664.cfg,C:\Users\Admin\Downloads\cfg data\mapped_cfg_and_metadata\mapped_cfg_Zr64.13Cu15.75Ni10.12Al10\Zr64p13Cu15p75Ni10p12Al10_664.0K.cfg,664.0,565.46667,932.13333,-0.0273083578032883,interpolated,C:\Users\Admin\Downloads\cfg data\relaxation_time_Zr64.13Cu15.75Ni10.12Al10_Tg_646.3K.csv,True,C:\Users\Admin\Downloads\cfg data\nn_output\atom_cache\sample_0104.npy
Zr64.13Cu15.75Ni10.12Al10,dumpZrCuNiAl.cooldown_677.cfg,Zr64p13Cu15p75Ni10p12Al10_677.0K.cfg,C:\Users\Admin\Downloads\cfg data\cfg_files_Zr64.13Cu15.75Ni10.12Al10\dumpZrCuNiAl.cooldown_677.cfg,C:\Users\Admin\Downloads\cfg data\mapped_cfg_and_metadata\mapped_cfg_Zr64.13Cu15.75Ni10.12Al10\Zr64p13Cu15p75Ni10p12Al10_677.0K.cfg,677.0,565.46667,932.13333,-1.3345446684986737,interpolated,C:\Users\Admin\Downloads\cfg data\relaxation_time_Zr64.13Cu15.75Ni10.12Al10_Tg_646.3K.csv,True,C:\Users\Admin\Downloads\cfg data\nn_output\atom_cache\sample_0105.npy
Zr64.13Cu15.75Ni10.12Al10,dumpZrCuNiAl.cooldown_679.cfg,Zr64p13Cu15p75Ni10p12Al10_679.0K.cfg,C:\Users\Admin\Downloads\cfg data\cfg_files_Zr64.13Cu15.75Ni10.12Al10\dumpZrCuNiAl.cooldown_679.cfg,C:\Users\Admin\Downloads\cfg data\mapped_cfg_and_metadata\mapped_cfg_Zr64.13Cu15.75Ni10.12Al10\Zr64p13Cu15p75Ni10p12Al10_679.0K.cfg,679.0,565.46667,932.13333,-1.523639962680078,interpolated,C:\Users\Admin\Downloads\cfg data\relaxation_time_Zr64.13Cu15.75Ni10.12Al10_Tg_646.3K.csv,True,C:\Users\Admin\Downloads\cfg data\nn_output\atom_cache\sample_0106.npy
Zr64.13Cu15.75Ni10.12Al10,dumpZrCuNiAl.cooldown_704.cfg,Zr64p13Cu15p75Ni10p12Al10_704.0K.cfg,C:\Users\Admin\Downloads\cfg data\cfg_files_Zr64.13Cu15.75Ni10.12Al10\dumpZrCuNiAl.cooldown_704.cfg,C:\Users\Admin\Downloads\cfg data\mapped_cfg_and_metadata\mapped_cfg_Zr64.13Cu15.75Ni10.12Al10\Zr64p13Cu15p75Ni10p12Al10_704.0K.cfg,704.0,565.46667,932.13333,-3.641547169205664,interpolated,C:\Users\Admin\Downloads\cfg data\relaxation_time_Zr64.13Cu15.75Ni10.12Al10_Tg_646.3K.csv,True,C:\Users\Admin\Downloads\cfg data\nn_output\atom_cache\sample_0107.npy
Zr64.13Cu15.75Ni10.12Al10,dumpZrCuNiAl.cooldown_711.cfg,Zr64p13Cu15p75Ni10p12Al10_711.0K.cfg,C:\Users\Admin\Downloads\cfg data\cfg_files_Zr64.13Cu15.75Ni10.12Al10\dumpZrCuNiAl.cooldown_711.cfg,C:\Users\Admin\Downloads\cfg data\mapped_cfg_and_metadata\mapped_cfg_Zr64.13Cu15.75Ni10.12Al10\Zr64p13Cu15p75Ni10p12Al10_711.0K.cfg,711.0,565.46667,932.13333,-4.171956311245244,interpolated,C:\Users\Admin\Downloads\cfg data\relaxation_time_Zr64.13Cu15.75Ni10.12Al10_Tg_646.3K.csv,True,C:\Users\Admin\Downloads\cfg data\nn_output\atom_cache\sample_0108.npy
Zr64.13Cu15.75Ni10.12Al10,dumpZrCuNiAl.cooldown_720.cfg,Zr64p13Cu15p75Ni10p12Al10_720.0K.cfg,C:\Users\Admin\Downloads\cfg data\cfg_files_Zr64.13Cu15.75Ni10.12Al10\dumpZrCuNiAl.cooldown_720.cfg,C:\Users\Admin\Downloads\cfg data\mapped_cfg_and_metadata\mapped_cfg_Zr64.13Cu15.75Ni10.12Al10\Zr64p13Cu15p75Ni10p12Al10_720.0K.cfg,720.0,565.46667,932.13333,-4.796474237611525,interpolated,C:\Users\Admin\Downloads\cfg data\relaxation_time_Zr64.13Cu15.75Ni10.12Al10_Tg_646.3K.csv,True,C:\Users\Admin\Downloads\cfg data\nn_output\atom_cache\sample_0109.npy
Zr64.13Cu15.75Ni10.12Al10,dumpZrCuNiAl.cooldown_734.cfg,Zr64p13Cu15p75Ni10p12Al10_734.0K.cfg,C:\Users\Admin\Downloads\cfg data\cfg_files_Zr64.13Cu15.75Ni10.12Al10\dumpZrCuNiAl.cooldown_734.cfg,C:\Users\Admin\Downloads\cfg data\mapped_cfg_and_metadata\mapped_cfg_Zr64.13Cu15.75Ni10.12Al10\Zr64p13Cu15p75Ni10p12Al10_734.0K.cfg,734.0,565.46667,932.13333,-5.69008677596645,interpolated,C:\Users\Admin\Downloads\cfg data\relaxation_time_Zr64.13Cu15.75Ni10.12Al10_Tg_646.3K.csv,True,C:\Users\Admin\Downloads\cfg data\nn_output\atom_cache\sample_0110.npy
Zr64.13Cu15.75Ni10.12Al10,dumpZrCuNiAl.cooldown_752.cfg,Zr64p13Cu15p75Ni10p12Al10_752.0K.cfg,C:\Users\Admin\Downloads\cfg data\cfg_files_Zr64.13Cu15.75Ni10.12Al10\dumpZrCuNiAl.cooldown_752.cfg,C:\Users\Admin\Downloads\cfg data\mapped_cfg_and_metadata\mapped_cfg_Zr64.13Cu15.75Ni10.12Al10\Zr64p13Cu15p75Ni10p12Al10_752.0K.cfg,752.0,565.46667,932.13333,-6.70340134760539,interpolated,C:\Users\Admin\Downloads\cfg data\relaxation_time_Zr64.13Cu15.75Ni10.12Al10_Tg_646.3K.csv,True,C:\Users\Admin\Downloads\cfg data\nn_output\atom_cache\sample_0111.npy
Zr64.13Cu15.75Ni10.12Al10,dumpZrCuNiAl.cooldown_763.cfg,Zr64p13Cu15p75Ni10p12Al10_763.0K.cfg,C:\Users\Admin\Downloads\cfg data\cfg_files_Zr64.13Cu15.75Ni10.12Al10\dumpZrCuNiAl.cooldown_763.cfg,C:\Users\Admin\Downloads\cfg data\mapped_cfg_and_metadata\mapped_cfg_Zr64.13Cu15.75Ni10.12Al10\Zr64p13Cu15p75Ni10p12Al10_763.0K.cfg,763.0,565.46667,932.13333,-7.256248077423846,interpolated,C:\Users\Admin\Downloads\cfg data\relaxation_time_Zr64.13Cu15.75Ni10.12Al10_Tg_646.3K.csv,True,C:\Users\Admin\Downloads\cfg data\nn_output\atom_cache\sample_0112.npy
Zr64.13Cu15.75Ni10.12Al10,dumpZrCuNiAl.cooldown_768.cfg,Zr64p13Cu15p75Ni10p12Al10_768.0K.cfg,C:\Users\Admin\Downloads\cfg data\cfg_files_Zr64.13Cu15.75Ni10.12Al10\dumpZrCuNiAl.cooldown_768.cfg,C:\Users\Admin\Downloads\cfg data\mapped_cfg_and_metadata\mapped_cfg_Zr64.13Cu15.75Ni10.12Al10\Zr64p13Cu15p75Ni10p12Al10_768.0K.cfg,768.0,565.46667,932.13333,-7.492810474179053,interpolated,C:\Users\Admin\Downloads\cfg data\relaxation_time_Zr64.13Cu15.75Ni10.12Al10_Tg_646.3K.csv,True,C:\Users\Admin\Downloads\cfg data\nn_output\atom_cache\sample_0113.npy
Zr64.13Cu15.75Ni10.12Al10,dumpZrCuNiAl.cooldown_775.cfg,Zr64p13Cu15p75Ni10p12Al10_775.0K.cfg,C:\Users\Admin\Downloads\cfg data\cfg_files_Zr64.13Cu15.75Ni10.12Al10\dumpZrCuNiAl.cooldown_775.cfg,C:\Users\Admin\Downloads\cfg data\mapped_cfg_and_metadata\mapped_cfg_Zr64.13Cu15.75Ni10.12Al10\Zr64p13Cu15p75Ni10p12Al10_775.0K.cfg,775.0,565.46667,932.13333,-7.808615494189011,interpolated,C:\Users\Admin\Downloads\cfg data\relaxation_time_Zr64.13Cu15.75Ni10.12Al10_Tg_646.3K.csv,True,C:\Users\Admin\Downloads\cfg data\nn_output\atom_cache\sample_0114.npy
Zr64.13Cu15.75Ni10.12Al10,dumpZrCuNiAl.cooldown_779.cfg,Zr64p13Cu15p75Ni10p12Al10_779.0K.cfg,C:\Users\Admin\Downloads\cfg data\cfg_files_Zr64.13Cu15.75Ni10.12Al10\dumpZrCuNiAl.cooldown_779.cfg,C:\Users\Admin\Downloads\cfg data\mapped_cfg_and_metadata\mapped_cfg_Zr64.13Cu15.75Ni10.12Al10\Zr64p13Cu15p75Ni10p12Al10_779.0K.cfg,779.0,565.46667,932.13333,-7.981838783022436,interpolated,C:\Users\Admin\Downloads\cfg data\relaxation_time_Zr64.13Cu15.75Ni10.12Al10_Tg_646.3K.csv,True,C:\Users\Admin\Downloads\cfg data\nn_output\atom_cache\sample_0115.npy
Zr64.13Cu15.75Ni10.12Al10,dumpZrCuNiAl.cooldown_797.cfg,Zr64p13Cu15p75Ni10p12Al10_797.0K.cfg,C:\Users\Admin\Downloads\cfg data\cfg_files_Zr64.13Cu15.75Ni10.12Al10\dumpZrCuNiAl.cooldown_797.cfg,C:\Users\Admin\Downloads\cfg data\mapped_cfg_and_metadata\mapped_cfg_Zr64.13Cu15.75Ni10.12Al10\Zr64p13Cu15p75Ni10p12Al10_797.0K.cfg,797.0,565.46667,932.13333,-8.698265304261216,interpolated,C:\Users\Admin\Downloads\cfg data\relaxation_time_Zr64.13Cu15.75Ni10.12Al10_Tg_646.3K.csv,True,C:\Users\Admin\Downloads\cfg data\nn_output\atom_cache\sample_0116.npy
Zr64.13Cu15.75Ni10.12Al10,dumpZrCuNiAl.cooldown_808.cfg,Zr64p13Cu15p75Ni10p12Al10_808.0K.cfg,C:\Users\Admin\Downloads\cfg data\cfg_files_Zr64.13Cu15.75Ni10.12Al10\dumpZrCuNiAl.cooldown_808.cfg,C:\Users\Admin\Downloads\cfg data\mapped_cfg_and_metadata\mapped_cfg_Zr64.13Cu15.75Ni10.12Al10\Zr64p13Cu15p75Ni10p12Al10_808.0K.cfg,808.0,565.46667,932.13333,-9.086645253769492,interpolated,C:\Users\Admin\Downloads\cfg data\relaxation_time_Zr64.13Cu15.75Ni10.12Al10_Tg_646.3K.csv,True,C:\Users\Admin\Downloads\cfg data\nn_output\atom_cache\sample_0117.npy
Zr64.13Cu15.75Ni10.12Al10,dumpZrCuNiAl.cooldown_825.cfg,Zr64p13Cu15p75Ni10p12Al10_825.0K.cfg,C:\Users\Admin\Downloads\cfg data\cfg_files_Zr64.13Cu15.75Ni10.12Al10\dumpZrCuNiAl.cooldown_825.cfg,C:\Users\Admin\Downloads\cfg data\mapped_cfg_and_metadata\mapped_cfg_Zr64.13Cu15.75Ni10.12Al10\Zr64p13Cu15p75Ni10p12Al10_825.0K.cfg,825.0,565.46667,932.13333,-9.609866332867334,interpolated,C:\Users\Admin\Downloads\cfg data\relaxation_time_Zr64.13Cu15.75Ni10.12Al10_Tg_646.3K.csv,True,C:\Users\Admin\Downloads\cfg data\nn_output\atom_cache\sample_0118.npy
Zr64.13Cu15.75Ni10.12Al10,dumpZrCuNiAl.cooldown_841.cfg,Zr64p13Cu15p75Ni10p12Al10_841.0K.cfg,C:\Users\Admin\Downloads\cfg data\cfg_files_Zr64.13Cu15.75Ni10.12Al10\dumpZrCuNiAl.cooldown_841.cfg,C:\Users\Admin\Downloads\cfg data\mapped_cfg_and_metadata\mapped_cfg_Zr64.13Cu15.75Ni10.12Al10\Zr64p13Cu15p75Ni10p12Al10_841.0K.cfg,841.0,565.46667,932.13333,-10.008215973863896,interpolated,C:\Users\Admin\Downloads\cfg data\relaxation_time_Zr64.13Cu15.75Ni10.12Al10_Tg_646.3K.csv,True,C:\Users\Admin\Downloads\cfg data\nn_output\atom_cache\sample_0119.npy
Zr64.13Cu15.75Ni10.12Al10,dumpZrCuNiAl.cooldown_852.cfg,Zr64p13Cu15p75Ni10p12Al10_852.0K.cfg,C:\Users\Admin\Downloads\cfg data\cfg_files_Zr64.13Cu15.75Ni10.12Al10\dumpZrCuNiAl.cooldown_852.cfg,C:\Users\Admin\Downloads\cfg data\mapped_cfg_and_metadata\mapped_cfg_Zr64.13Cu15.75Ni10.12Al10\Zr64p13Cu15p75Ni10p12Al10_852.0K.cfg,852.0,565.46667,932.13333,-10.226754850719402,interpolated,C:\Users\Admin\Downloads\cfg data\relaxation_time_Zr64.13Cu15.75Ni10.12Al10_Tg_646.3K.csv,True,C:\Users\Admin\Downloads\cfg data\nn_output\atom_cache\sample_0120.npy
Zr64.13Cu15.75Ni10.12Al10,dumpZrCuNiAl.cooldown_861.cfg,Zr64p13Cu15p75Ni10p12Al10_861.0K.cfg,C:\Users\Admin\Downloads\cfg data\cfg_files_Zr64.13Cu15.75Ni10.12Al10\dumpZrCuNiAl.cooldown_861.cfg,C:\Users\Admin\Downloads\cfg data\mapped_cfg_and_metadata\mapped_cfg_Zr64.13Cu15.75Ni10.12Al10\Zr64p13Cu15p75Ni10p12Al10_861.0K.cfg,861.0,565.46667,932.13333,-10.373831182244729,interpolated,C:\Users\Admin\Downloads\cfg data\relaxation_time_Zr64.13Cu15.75Ni10.12Al10_Tg_646.3K.csv,True,C:\Users\Admin\Downloads\cfg data\nn_output\atom_cache\sample_0121.npy
Zr64.13Cu15.75Ni10.12Al10,dumpZrCuNiAl.cooldown_886.cfg,Zr64p13Cu15p75Ni10p12Al10_886.0K.cfg,C:\Users\Admin\Downloads\cfg data\cfg_files_Zr64.13Cu15.75Ni10.12Al10\dumpZrCuNiAl.cooldown_886.cfg,C:\Users\Admin\Downloads\cfg data\mapped_cfg_and_metadata\mapped_cfg_Zr64.13Cu15.75Ni10.12Al10\Zr64p13Cu15p75Ni10p12Al10_886.0K.cfg,886.0,565.46667,932.13333,-10.665592789171155,interpolated,C:\Users\Admin\Downloads\cfg data\relaxation_time_Zr64.13Cu15.75Ni10.12Al10_Tg_646.3K.csv,True,C:\Users\Admin\Downloads\cfg data\nn_output\atom_cache\sample_0122.npy
Zr64.13Cu15.75Ni10.12Al10,dumpZrCuNiAl.cooldown_901.cfg,Zr64p13Cu15p75Ni10p12Al10_901.0K.cfg,C:\Users\Admin\Downloads\cfg data\cfg_files_Zr64.13Cu15.75Ni10.12Al10\dumpZrCuNiAl.cooldown_901.cfg,C:\Users\Admin\Downloads\cfg data\mapped_cfg_and_metadata\mapped_cfg_Zr64.13Cu15.75Ni10.12Al10\Zr64p13Cu15p75Ni10p12Al10_901.0K.cfg,901.0,565.46667,932.13333,-10.786088391453566,interpolated,C:\Users\Admin\Downloads\cfg data\relaxation_time_Zr64.13Cu15.75Ni10.12Al10_Tg_646.3K.csv,True,C:\Users\Admin\Downloads\cfg data\nn_output\atom_cache\sample_0123.npy
Zr64.13Cu15.75Ni10.12Al10,dumpZrCuNiAl.cooldown_917.cfg,Zr64p13Cu15p75Ni10p12Al10_917.0K.cfg,C:\Users\Admin\Downloads\cfg data\cfg_files_Zr64.13Cu15.75Ni10.12Al10\dumpZrCuNiAl.cooldown_917.cfg,C:\Users\Admin\Downloads\cfg data\mapped_cfg_and_metadata\mapped_cfg_Zr64.13Cu15.75Ni10.12Al10\Zr64p13Cu15p75Ni10p12Al10_917.0K.cfg,917.0,565.46667,932.13333,-10.889894016716068,interpolated,C:\Users\Admin\Downloads\cfg data\relaxation_time_Zr64.13Cu15.75Ni10.12Al10_Tg_646.3K.csv,True,C:\Users\Admin\Downloads\cfg data\nn_output\atom_cache\sample_0124.npy
Zr64.13Cu15.75Ni10.12Al10,dumpZrCuNiAl.cooldown_929.cfg,Zr64p13Cu15p75Ni10p12Al10_929.0K.cfg,C:\Users\Admin\Downloads\cfg data\cfg_files_Zr64.13Cu15.75Ni10.12Al10\dumpZrCuNiAl.cooldown_929.cfg,C:\Users\Admin\Downloads\cfg data\mapped_cfg_and_metadata\mapped_cfg_Zr64.13Cu15.75Ni10.12Al10\Zr64p13Cu15p75Ni10p12Al10_929.0K.cfg,929.0,565.46667,932.13333,-10.957334397871204,interpolated,C:\Users\Admin\Downloads\cfg data\relaxation_time_Zr64.13Cu15.75Ni10.12Al10_Tg_646.3K.csv,True,C:\Users\Admin\Downloads\cfg data\nn_output\atom_cache\sample_0125.npy
